[{"model": "product.category", "pk": 5, "fields": {"parent": null, "title": "Computers", "keywords": "Computers", "description": "Computers", "image": "images/asus1_tk13VR4.jpg", "status": "True", "slug": "Computers", "create_at": "2020-04-18T01:20:23.666Z", "update_at": "2020-05-30T01:40:42.234Z", "lft": 1, "rght": 8, "tree_id": 7, "level": 0}}, {"model": "product.category", "pk": 6, "fields": {"parent": 5, "title": "Laptop Computers", "keywords": "Laptop Computers", "description": "Laptop Computers", "image": "", "status": "True", "slug": "Laptop-Computers", "create_at": "2020-04-18T01:22:16.337Z", "update_at": "2020-05-30T01:44:11.394Z", "lft": 6, "rght": 7, "tree_id": 7, "level": 1}}, {"model": "product.category", "pk": 7, "fields": {"parent": 5, "title": "Desktop Computer", "keywords": "Desktop Computer", "description": "Desktop Computer", "image": "images/desktop_6UqGDpZ.jpg", "status": "True", "slug": "Desktop-Computer", "create_at": "2020-04-18T01:23:27.224Z", "update_at": "2020-05-30T01:43:44.099Z", "lft": 4, "rght": 5, "tree_id": 7, "level": 1}}, {"model": "product.category", "pk": 8, "fields": {"parent": null, "title": "Electronics", "keywords": "Electronics", "description": "Electronics", "image": "images/elecktronics_qStMcTU.png", "status": "True", "slug": "Electronics", "create_at": "2020-04-18T01:24:10.766Z", "update_at": "2020-05-30T01:41:01.863Z", "lft": 1, "rght": 6, "tree_id": 9, "level": 0}}, {"model": "product.category", "pk": 9, "fields": {"parent": 8, "title": "Television", "keywords": "Television", "description": "Television", "image": "images/vestel2.jpg", "status": "True", "slug": "Television", "create_at": "2020-04-18T01:24:51.304Z", "update_at": "2020-05-30T01:46:19.228Z", "lft": 4, "rght": 5, "tree_id": 9, "level": 1}}, {"model": "product.category", "pk": 10, "fields": {"parent": 8, "title": "Mp3 Player", "keywords": "Mp3 Player", "description": "Mp3 Player", "image": "", "status": "True", "slug": "Mp3-Player", "create_at": "2020-04-18T01:25:33.397Z", "update_at": "2020-05-30T01:45:59.901Z", "lft": 2, "rght": 3, "tree_id": 9, "level": 1}}, {"model": "product.category", "pk": 11, "fields": {"parent": null, "title": "Phone", "keywords": "Phone", "description": "Phone", "image": "images/samsung-3.jpg", "status": "True", "slug": "Phone", "create_at": "2020-04-19T01:27:46.245Z", "update_at": "2020-05-30T01:41:46.608Z", "lft": 1, "rght": 8, "tree_id": 12, "level": 0}}, {"model": "product.category", "pk": 12, "fields": {"parent": 11, "title": "Smart Phone", "keywords": "Smart Phone", "description": "Smart Phone", "image": "", "status": "True", "slug": "Smart-Phone", "create_at": "2020-04-19T01:28:11.825Z", "update_at": "2020-05-30T01:47:20.262Z", "lft": 4, "rght": 5, "tree_id": 12, "level": 1}}, {"model": "product.category", "pk": 13, "fields": {"parent": 11, "title": "Desktop Phone", "keywords": "Desktop Phone", "description": "Desktop Phone", "image": "", "status": "True", "slug": "Desktop-Phone", "create_at": "2020-04-19T01:28:32.380Z", "update_at": "2020-05-30T01:47:02.247Z", "lft": 2, "rght": 3, "tree_id": 12, "level": 1}}, {"model": "product.category", "pk": 14, "fields": {"parent": 11, "title": "Smart Phone Accessories", "keywords": "Smart Phone Accessories", "description": "Smart Phone Accessories", "image": "", "status": "True", "slug": "Smart-Phone-Accessories", "create_at": "2020-04-19T01:29:39.525Z", "update_at": "2020-05-30T01:47:47.868Z", "lft": 6, "rght": 7, "tree_id": 12, "level": 1}}, {"model": "product.category", "pk": 15, "fields": {"parent": null, "title": "Clothes-Shoes-Accessories", "keywords": "Clothes-Shoes-Accessories", "description": "Clothes-Shoes-Accessories", "image": "", "status": "True", "slug": "Clothes-Shoes-Accessories", "create_at": "2020-04-19T01:35:47.796Z", "update_at": "2020-05-30T01:40:26.499Z", "lft": 1, "rght": 10, "tree_id": 6, "level": 0}}, {"model": "product.category", "pk": 16, "fields": {"parent": 15, "title": "Shoes", "keywords": "Shoes", "description": "Shoes", "image": "", "status": "True", "slug": "Shoes", "create_at": "2020-04-19T01:36:07.835Z", "update_at": "2020-05-30T01:44:47.300Z", "lft": 4, "rght": 5, "tree_id": 6, "level": 1}}, {"model": "product.category", "pk": 17, "fields": {"parent": 15, "title": "Women Clothes", "keywords": "Women Clothes", "description": "Women Clothes", "image": "", "status": "True", "slug": "Women-Clothes", "create_at": "2020-04-19T01:36:30.717Z", "update_at": "2020-05-30T01:45:23.971Z", "lft": 8, "rght": 9, "tree_id": 6, "level": 1}}, {"model": "product.category", "pk": 18, "fields": {"parent": 15, "title": "Bags", "keywords": "Bags", "description": "Bags", "image": "", "status": "True", "slug": "Bags", "create_at": "2020-04-19T01:37:15.469Z", "update_at": "2020-05-30T01:44:31.656Z", "lft": 2, "rght": 3, "tree_id": 6, "level": 1}}, {"model": "product.category", "pk": 19, "fields": {"parent": 15, "title": "Women Accessories", "keywords": "Women Accessories", "description": "Women Accessories", "image": "", "status": "True", "slug": "Women-Accessories", "create_at": "2020-04-19T01:38:11.788Z", "update_at": "2020-05-30T01:45:06.210Z", "lft": 6, "rght": 7, "tree_id": 6, "level": 1}}, {"model": "product.category", "pk": 20, "fields": {"parent": 5, "title": "Computer Accessories", "keywords": "Computer Accessories", "description": "Computer Accessories", "image": "", "status": "True", "slug": "computer-accessories", "create_at": "2020-04-19T14:17:16.718Z", "update_at": "2020-05-30T01:43:10.683Z", "lft": 2, "rght": 3, "tree_id": 7, "level": 1}}, {"model": "product.category", "pk": 22, "fields": {"parent": null, "title": "Furniture", "keywords": "Furniture", "description": "Furniture", "image": "", "status": "True", "slug": "furniture", "create_at": "2020-05-20T12:10:11.257Z", "update_at": "2020-05-30T01:41:27.099Z", "lft": 1, "rght": 4, "tree_id": 10, "level": 0}}, {"model": "product.category", "pk": 23, "fields": {"parent": 22, "title": "Office Chairs", "keywords": "Office Chair Ergonomic", "description": "Office Chair Ergonomic", "image": "", "status": "True", "slug": "office-chair-ergonomic", "create_at": "2020-05-20T12:11:32.916Z", "update_at": "2020-05-30T01:46:39.189Z", "lft": 2, "rght": 3, "tree_id": 10, "level": 1}}, {"model": "product.category", "pk": 24, "fields": {"parent": null, "title": "Tiles", "keywords": "Tiles", "description": "Tiles", "image": "images/61MTtfRQsAL._AC_SL1000_.jpg", "status": "True", "slug": "tiles", "create_at": "2020-11-27T10:33:20.945Z", "update_at": "2020-11-27T21:15:47.730Z", "lft": 1, "rght": 4, "tree_id": 11, "level": 0}}, {"model": "product.category", "pk": 25, "fields": {"parent": 24, "title": "Porcelain", "keywords": "Porcelain", "description": "Porcelain", "image": "", "status": "True", "slug": "porcelain", "create_at": "2020-11-27T10:34:53.173Z", "update_at": "2020-11-27T10:34:53.173Z", "lft": 2, "rght": 3, "tree_id": 11, "level": 1}}, {"model": "product.product", "pk": 1, "fields": {"category": 6, "title": "HP All-in-One - 22-c1063in", "keywords": "HP All-in-One - 22-c1063in", "description": "HP All-in-One - 22-c1063in", "image": "images/hp-dektop1.png", "price": "100.00", "amount": -7, "minamount": 5, "variant": "None", "detail": "<p>This beautiful, powerful All-in-One PC has the storage to satisfy all your family&rsquo;s needs and help you get things done. Whether it&rsquo;s for work or play&mdash;you&rsquo;ve found highly attractive design to match high performance. Space and Performance With the latest processor and enough storage for you and your family, seamlessly go from sending work emails to uploading vacation photos with ease. A centerpiece for the home Bring home a modern look and feel. This All-in-One PC displays more with an ultra-thin bezel and has an adjustable tilt stand allowing you to work from multiple perspectives. Designed to brighten any room. Peace of mind you deserve This PC makes it easy to stay connected to family and friends. Includes an HD camera&mdash;equipped with a slide switch for privacy&mdash;plus, built-in speakers and easy Wi-Fi connectivity. Now, you can stay in touch while maintaining peace of mind. AMD Ryzen&trade; 3 3200U Processor with Radeon&trade; Vega 3 Graphics (2.6 GHz base clock, up to 3.5 GHz max boost clock, 5 MB cache, 2 cores) Windows 10 Home Single Language 64 8 GB DDR4-2400 SDRAM (1 x 8 GB) 1 TB 7200 rpm SATA 256 GB PCIe&reg; NVMe&trade; M.2 SSD AMD Radeon&trade; Vega 3 Graphics 5.39 kg 1 year limited parts, labour and on-site service, toll-free technical phone support for the first 30 days</p>", "slug": "hp-all-in-one-22-c1063in-7kl66aa", "status": "True", "create_at": "2020-03-11T18:47:41.407Z", "update_at": "2020-11-26T19:37:09.238Z"}}, {"model": "product.product", "pk": 2, "fields": {"category": 6, "title": "ASUS VivoBook F510UA 15.6\u201d Full HD Nanoedge Laptop, Intel Core i5-8250U Processo", "keywords": "ASUS VivoBook F510UA 15.6\u201d Full HD Nanoedge Laptop, Intel Core i5-8250U Processo", "description": "ASUS VivoBook F510UA 15.6\u201d Full HD Nanoedge Laptop, Intel Core i5-8250U Processo", "image": "images/asus_laptop.jpg", "price": "150.00", "amount": 9, "minamount": 3, "variant": "None", "detail": "<p>Powerful 8th Generation Intel Core i5 8250U 1.6GHz (Turbo up to 3.4GHz) processor 14.2 Inches Wide, 0.8 Inches Thin and portable footprint with 0.3 Inches Nano edge bezel for a stunning 80% screen to body ratio 15.6 inches Anti glare full HD display with ASUS splendid software enhancement 8GB DDR4 RAM and 1TB HDD Ergonomic chiclet keyboard with fingerprint sensor, Windows 10 Home Comprehensive connections including USB 3.1 Type C (Gen1), USB 3.0, USB 2.0, and HDMI; Lightning fast 802.11AC Wi Fi keeps you connected through any congestion or interference</p>", "slug": "VivoBook-Nanoedge-i5-8250U-Processor-Fingerprint", "status": "True", "create_at": "2020-03-11T18:50:51.547Z", "update_at": "2020-05-09T16:23:01.430Z"}}, {"model": "product.product", "pk": 3, "fields": {"category": 18, "title": "Woman Borwn Leather Big Size Bag", "keywords": "Woman Borwn Leather Big Size Bag", "description": "Woman Borwn Leather Big Size Bag", "image": "images/banner10.jpg", "price": "300.00", "amount": 5, "minamount": 2, "variant": "None", "detail": "<p>Woman Borwn Leather Big Size Bag&nbsp;</p>", "slug": "woman-borwn-leather-big-size-bag", "status": "True", "create_at": "2020-04-19T14:20:31.131Z", "update_at": "2020-04-19T14:20:31.131Z"}}, {"model": "product.product", "pk": 4, "fields": {"category": 18, "title": "Blue White Women Bag", "keywords": "Blue White Women Bag", "description": "Blue White Women Bag", "image": "images/banner13.jpg", "price": "230.00", "amount": 19, "minamount": 5, "variant": "None", "detail": "<p>Blue White Women Bag</p>", "slug": "blue-white-women-bag", "status": "True", "create_at": "2020-04-19T14:31:30.009Z", "update_at": "2020-05-03T17:05:45.469Z"}}, {"model": "product.product", "pk": 5, "fields": {"category": 16, "title": "Converse White Shoes", "keywords": "Converse White Shoes", "description": "Converse White Shoes", "image": "images/banner02.jpg", "price": "120.00", "amount": 10, "minamount": 5, "variant": "None", "detail": "<p>Converse White Shoes</p>", "slug": "converse-white-shoes", "status": "True", "create_at": "2020-04-19T14:33:11.474Z", "update_at": "2020-04-19T14:33:11.474Z"}}, {"model": "product.product", "pk": 6, "fields": {"category": 16, "title": "Walking Unisex Fabric Shoes", "keywords": "Walking Unisex Fabric Shoes", "description": "Walking Unisex Fabric Shoes", "image": "images/main-product01.jpg", "price": "66.00", "amount": 10, "minamount": 5, "variant": "None", "detail": "<p>Walking Unisex Fabric Shoes</p>", "slug": "walking-unisex-fabric-shoes", "status": "True", "create_at": "2020-04-19T14:35:12.946Z", "update_at": "2020-04-19T14:35:12.946Z"}}, {"model": "product.product", "pk": 7, "fields": {"category": 16, "title": "Nike Daily sneakers", "keywords": "Nike Daily sneakers", "description": "Nike Daily sneakers", "image": "images/banner11.jpg", "price": "88.00", "amount": 33, "minamount": 5, "variant": "None", "detail": "<p>Nike Daily sneakers</p>", "slug": "nike-daily-sneakers", "status": "True", "create_at": "2020-04-19T14:36:55.895Z", "update_at": "2020-04-19T14:36:55.895Z"}}, {"model": "product.product", "pk": 8, "fields": {"category": 9, "title": "LG Led Tv 165 inch", "keywords": "LGLed Tv 165 inch", "description": "LGLed Tv 165 inch", "image": "images/lg1_49dp0SG.jpg", "price": "450.00", "amount": 12, "minamount": 5, "variant": "None", "detail": "<ul>\r\n\t<li>Dimensions (Wx H x D): TV without stand 43.7&quot; x 25.6&quot; x 3.2&quot;, TV with stand: 43.7&quot; x 27.8&quot; x 9.3&quot;</li>\r\n\t<li>LG UHD TVs with AI (Artificial Intelligence) ThinQ become the hub for your connected smart devices. Beyond apps and entertainment, LG AI TV uses intelligent voice control to create a hub for the smart home and beyond</li>\r\n\t<li>The multi format 4K high dynamic range support includes HDR10 and HLG, both with LG&rsquo;s advanced tone mapping technology that provides scene by scene optimization</li>\r\n\t<li>The IPS technology in LG TV uses in plane switching to deliver rich colors and a strong contrast Ratio that remain Consistent at wide viewing angles</li>\r\n\t<li>Inputs: 3 HDMI, 2 USB, 1 RF, 1 Composite in shared with component, 1 Ethernet, 1 Optical and Audio Return Channel Support via HDMI.Bluetooth:4.2</li>\r\n\t<li>Refresh Rate 60Hz</li>\r\n</ul>", "slug": "lg-led-tv-165-inch", "status": "True", "create_at": "2020-04-19T14:41:04.070Z", "update_at": "2020-04-19T14:41:04.070Z"}}, {"model": "product.product", "pk": 9, "fields": {"category": 9, "title": "Samasung 82\" TU8000 4K UHD Smart TV (2020)", "keywords": "82\" TU8000 4K UHD Smart TV (2020)", "description": "82\" TU8000 4K UHD Smart TV (2020)", "image": "images/samsungtv1.jpg", "price": "300.00", "amount": 5, "minamount": 5, "variant": "None", "detail": "<ul>\r\n\t<li><strong><em>Product Type</em>LED</strong></li>\r\n\t<li><em>Series</em>8</li>\r\n\t<li><em>Display</em>\r\n\t<ul>\r\n\t\t<li><em>Screen Size</em>82&quot;</li>\r\n\t\t<li><em>Resolution</em>3,840 x 2,160</li>\r\n\t\t<li><em>Moth Eye</em>N/A</li>\r\n\t\t<li><em>Screen Curvature</em>N/A</li>\r\n\t</ul>\r\n\t</li>\r\n\t<li><strong><em>Video</em></strong>\r\n\t<ul>\r\n\t\t<li><em>Picture Engine</em>Crystal Processor 4K</li>\r\n\t\t<li><em>Motion Rate</em>120+</li>\r\n\t\t<li><em>PQI (Picture Quality Index)</em>2100</li>\r\n\t\t<li><em>HDR (High Dynamic Range)</em>HDR</li>\r\n\t\t<li><em>HDR 10+</em>Yes</li>\r\n\t\t<li><em>HLG (Hybrid Log Gamma)</em>Yes</li>\r\n\t\t<li><em>Contrast</em>Mega Contrast</li>\r\n\t\t<li><em>Viewing Angle</em>N/A</li>\r\n\t\t<li><em>Color</em>PurColour</li>\r\n\t\t<li><em>Dual LED</em>N/A</li>\r\n\t\t<li><em>Micro Dimming</em>UHD Dimming</li>\r\n\t\t<li><em>Local Dimming</em>N/A</li>\r\n\t\t<li><em>Auto Depth Enhancer</em>N/A</li>\r\n\t\t<li><em>Contrast Enhancer</em>Yes</li>\r\n\t\t<li><em>Auto Motion Plus</em>Yes</li>\r\n\t\t<li><em>Film Mode</em>Yes</li>\r\n\t\t<li><em>Natural Mode Support</em>Yes</li>\r\n\t</ul>\r\n\t</li>\r\n\t<li><strong><em>Audio</em></strong>\r\n\t<ul>\r\n\t\t<li><em>Dolby Digital Plus</em>Yes</li>\r\n\t\t<li><em>Dolby 5.1 Decoder</em>N/A</li>\r\n\t\t<li><em>Object Tracking Sound</em>N/A</li>\r\n\t\t<li><em>Q-Symphony</em>N/A</li>\r\n\t\t<li><em>Dialog Enhancement</em>Yes</li>\r\n\t\t<li><em>Audio Pre-selection Descriptor</em>N/A</li>\r\n\t\t<li><em>Hole Array Speaker</em>N/A</li>\r\n\t\t<li><em>Sound Output (RMS)</em>20W</li>\r\n\t\t<li><em>Speaker Type</em>2CH</li>\r\n\t\t<li><em>Woofer</em>N/A</li>\r\n\t\t<li><em>Multiroom Link</em>Yes</li>\r\n\t\t<li><em>Bluetooth Audio</em>Yes</li>\r\n\t</ul>\r\n\t</li>\r\n\t<li><strong><em>Smart Service</em></strong>\r\n\t<ul>\r\n\t\t<li><em>Samsung SMART TV</em>Smart</li>\r\n\t\t<li><em>Operating System</em>Tizen&trade;</li>\r\n\t\t<li><em>Bixby</em>US English, Korean, UK English, French, German, Italian, Spanish, India English (features vary by language)</li>\r\n\t\t<li><em>Voice Interaction</em>N/A</li>\r\n\t\t<li><em>Far-Field Voice Interaction</em>N/A</li>\r\n\t\t<li><em>Multi Voice Assistant</em>Yes</li>\r\n\t\t<li><em>Works with Google Assistant</em>Yes</li>\r\n\t\t<li><em>Works With Alexa</em>Yes</li>\r\n\t\t<li><em>TV Plus</em>N/A</li>\r\n\t\t<li><em>Web Browser</em>Yes</li>\r\n\t\t<li><em>SmartThings App Support</em>Yes</li>\r\n\t\t<li><em>SmartThings</em>N/A</li>\r\n\t\t<li><em>Samsung Health</em>N/A</li>\r\n\t\t<li><em>Universal Guide</em>N/A</li>\r\n\t\t<li><em>Gallery</em>Yes</li>\r\n\t</ul>\r\n\t</li>\r\n\t<li><em>Convergence</em>\r\n\t<ul>\r\n\t\t<li><em>TV to Mobile - Mirroring</em>N/A</li>\r\n\t\t<li><em>Mobile to TV - Mirroring, DLNA</em>Yes</li>\r\n\t\t<li><em>NFC on TV</em>N/A</li>\r\n\t\t<li><em>Tap View</em>Yes</li>\r\n\t\t<li><em>Digital Butler</em>N/A</li>\r\n\t\t<li><em>Multi-View</em>N/A</li>\r\n\t\t<li><em>Sound Wall</em>N/A</li>\r\n\t\t<li><em>Personal Screen</em>N/A</li>\r\n\t\t<li><em>Remote Access</em>Yes</li>\r\n\t\t<li><em>Camera Support</em>N/A</li>\r\n\t\t<li><em>360 Video Player</em>N/A</li>\r\n\t\t<li><em>360 Camera Support</em>N/A</li>\r\n\t\t<li><em>Bluetooth Low Energy</em>Yes</li>\r\n\t\t<li><em>WiFi Direct</em>Yes</li>\r\n\t\t<li><em>TV Sound to Mobile</em>Yes</li>\r\n\t\t<li><em>Sound Mirroring</em>Yes</li>\r\n\t</ul>\r\n\t</li>\r\n\t<li><em>Differentiation</em>\r\n\t<ul>\r\n\t\t<li><em>Tune Station</em>N/A</li>\r\n\t\t<li><em>Auto Hotspot Connect</em>N/A</li>\r\n\t\t<li><em>S-Share</em>N/A</li>\r\n\t\t<li><em>Auto Data Backup</em>N/A</li>\r\n\t\t<li><em>Dongle Compatibility (3G / LTE / WiFi)</em>N/A</li>\r\n\t\t<li><em>Analog Clean View</em>N/A</li>\r\n\t\t<li><em>Triple Protection</em>N/A</li>\r\n\t\t<li><em>Image Booster</em>N/A</li>\r\n\t\t<li><em>Local Cinema Mode</em>N/A</li>\r\n\t</ul>\r\n\t</li>\r\n\t<li><em>Tuner/Broadcasting</em>\r\n\t<ul>\r\n\t\t<li><em>Digital Broadcasting</em>DVB-T2</li>\r\n\t\t<li><em>Analog Tuner</em>Yes</li>\r\n\t\t<li><em>2 Tuner</em>N/A</li>\r\n\t\t<li><em>CI (Common Interface)</em>N/A</li>\r\n\t\t<li><em>Data Broadcasting</em>N/A</li>\r\n\t\t<li><em>TV Key</em>Yes</li>\r\n\t</ul>\r\n\t</li>\r\n\t<li><em>Connectivity</em>\r\n\t<ul>\r\n\t\t<li><em>HDMI</em>3</li>\r\n\t\t<li><em>USB</em>2</li>\r\n\t\t<li><em>Component In (Y/Pb/Pr)</em>N/A</li>\r\n\t\t<li><em>Composite In (AV)</em>1</li>\r\n\t\t<li><em>Ethernet (LAN)</em>Yes</li>\r\n\t\t<li><em>Audio Out (Mini Jack)</em>N/A</li>\r\n\t\t<li><em>Digital Audio Out (Optical)</em>1</li>\r\n\t\t<li><em>RF In (Terrestrial / Cable input)</em>1/1(Common Use for Terrestrial)/0</li>\r\n\t\t<li><em>Ex-Link ( RS-232C )</em>N/A</li>\r\n\t\t<li><em>CI Slot</em>N/A</li>\r\n\t\t<li><em>HDMI A / Return Ch. Support</em>Yes</li>\r\n\t\t<li><em>eARC</em>Yes</li>\r\n\t\t<li><em>HDMI Quick Switch</em>Yes</li>\r\n\t\t<li><em>Wireless LAN Built-in</em>Yes (WiFi5)</li>\r\n\t\t<li><em>Bluetooth</em>Yes (BT4.2)</li>\r\n\t\t<li><em>Anynet+ (HDMI-CEC)</em>Yes</li>\r\n\t</ul>\r\n\t</li>\r\n\t<li><em>Design</em>\r\n\t<ul>\r\n\t\t<li><em>Design</em>New Bezel-less</li>\r\n\t\t<li><em>Bezel Type</em>3 Bezel-less</li>\r\n\t\t<li><em>Slim Type</em>Slim look</li>\r\n\t\t<li><em>Front Color</em>BLACK</li>\r\n\t\t<li><em>Speaker Jersey Color</em>N/A</li>\r\n\t\t<li><em>Light Effect (Deco)</em>N/A</li>\r\n\t\t<li><em>Stand Type</em>SLIM FEET</li>\r\n\t\t<li><em>Stand Color</em>BLACK</li>\r\n\t</ul>\r\n\t</li>\r\n\t<li><em>Additional Feature</em>\r\n\t<ul>\r\n\t\t<li><em>Adaptive Picture</em>N/A</li>\r\n\t\t<li><em>Active Voice Amplifier</em>N/A</li>\r\n\t\t<li><em>Adaptive Sound</em>Adaptive Sound</li>\r\n\t\t<li><em>AI Streaming</em>N/A</li>\r\n\t\t<li><em>AI Upscale</em>N/A</li>\r\n\t\t<li><em>Auto Rotation</em>N/A</li>\r\n\t\t<li><em>Art Mode (The Frame)</em>N/A</li>\r\n\t\t<li><em>Motion Detection (Frame)</em>N/A</li>\r\n\t\t<li><em>Ambience</em>Magic Screen</li>\r\n\t\t<li><em>Brightness/Color Detection</em>Brightness Detection</li>\r\n\t\t<li><em>Portrait Mode</em>N/A</li>\r\n\t\t<li><em>Accessibillity - Voice Guide</em>UK English, Mandarin Chinese</li>\r\n\t\t<li><em>Accessibility - Learn TV Remote / Learn Menu Screen</em>UK English</li>\r\n\t\t<li><em>Accessibility - Others</em>Enlgarge / High Contrast / Multi-output Audio / SeeColors / Color Inversion / Grayscale / Sign Language Zoom / Slow Button Repeat / Auto Detection for Sign Language Zoom Area</li>\r\n\t\t<li><em>Ultra Clean View</em>N/A</li>\r\n\t\t<li><em>Digital Clean View</em>Yes</li>\r\n\t\t<li><em>Auto Channel Search</em>Yes</li>\r\n\t\t<li><em>Auto Power Off</em>Yes</li>\r\n\t\t<li><em>Caption (Subtitle)</em>Yes</li>\r\n\t\t<li><em>Connect Share&trade; (HDD)</em>Yes</li>\r\n\t\t<li><em>ConnectShare&trade; (USB 2.0)</em>Yes</li>\r\n\t\t<li><em>EPG</em>Yes</li>\r\n\t\t<li><em>Extended PVR</em>N/A</li>\r\n\t\t<li><em>Game Mode</em>Yes (Auto Game Mode (ALLM), Game Motion Plus)</li>\r\n\t\t<li><em>Freesync</em>N/A</li>\r\n\t\t<li><em>G-SYNC</em>N/A</li>\r\n\t\t<li><em>OSD Language</em>Local Languages</li>\r\n\t\t<li><em>Picture-In-Picture</em>N/A</li>\r\n\t\t<li><em>BT HID Built-in</em>Yes</li>\r\n\t\t<li><em>USB HID Support</em>Yes</li>\r\n\t\t<li><em>Teletext (TTX)</em>Yes</li>\r\n\t\t<li><em>Time Shift</em>N/A</li>\r\n\t\t<li><em>V-Chip</em>N/A</li>\r\n\t\t<li><em>IPv6 Support</em>Yes</li>\r\n\t\t<li><em>MBR Support</em>Yes</li>\r\n\t</ul>\r\n\t</li>\r\n\t<li><em>Eco Feature</em>\r\n\t<ul>\r\n\t\t<li><em>Eco Sensor</em>Yes</li>\r\n\t\t<li><em>Energy Efficiency Class</em>N/A</li>\r\n\t</ul>\r\n\t</li>\r\n\t<li><em>Power</em>\r\n\t<ul>\r\n\t\t<li><em>Power Supply</em>AC100-240V 50/60Hz</li>\r\n\t\t<li><em>Power Consumption (Max)</em>270 W</li>\r\n\t\t<li><em>Power Consumption (Stand-by)</em>N/A W</li>\r\n\t\t<li><em>Power Consumption (Energy Saving Mode)</em>N/A W</li>\r\n\t\t<li><em>Power Consumption (Typical)</em>N/A W</li>\r\n\t\t<li><em>Peak Luminance Ratio</em>N/A %</li>\r\n\t</ul>\r\n\t</li>\r\n\t<li><em>Dimension</em>\r\n\t<ul>\r\n\t\t<li><em>Package Size (WxHxD)</em>2033 x 1209 x 260 mm</li>\r\n\t\t<li><em>Set Size with Stand (WxHxD)</em>1829.9 x 1148.2 x 392.2 mm</li>\r\n\t\t<li><em>Set Size without Stand (WxHxD)</em>1829.9 x 1045 x 59.9 mm</li>\r\n\t\t<li><em>Stand (Basic) (WxD)</em>1639.4 x 392.2 mm</li>\r\n\t\t<li><em>Stand (Minimum) (WxD)</em>1357.4 x 392.2 mm</li>\r\n\t</ul>\r\n\t</li>\r\n\t<li><em>Weight</em>\r\n\t<ul>\r\n\t\t<li><em>Package Weight</em>52.6 kg</li>\r\n\t\t<li><em>Set Weight with Stand</em>38.9 kg</li>\r\n\t\t<li><em>Set Weight without Stand</em>37.7 kg</li>\r\n\t</ul>\r\n\t</li>\r\n\t<li><em>Accessory</em>\r\n\t<ul>\r\n\t\t<li><em>Remote Controller Model</em>TM2050A</li>\r\n\t\t<li><em>Batteries (for Remote Control)</em>Yes</li>\r\n\t\t<li><em>Samsung Smart Control (Included)</em>Yes</li>\r\n\t\t<li><em>No Gap Wall-mount</em>N/A</li>\r\n\t\t<li><em>Optional Stand Support</em>N/A</li>\r\n\t\t<li><em>Optional Stand Support (Y20 Studio)</em>N/A</li>\r\n\t\t<li><em>15m/10m One Invisible Connection Support</em>N/A</li>\r\n\t\t<li><em>Mini Wall Mount Support</em>N/A</li>\r\n\t\t<li><em>Vesa Wall Mount Support</em>Yes</li>\r\n\t\t<li><em>User Manual</em>Yes</li>\r\n\t\t<li><em>E-Manual</em>Yes</li>\r\n\t\t<li><em>ANT-Cable</em>N/A</li>\r\n\t\t<li><em>Power Cable</em>Yes</li>\r\n\t\t<li><em>HDMI Cable</em>N/A</li>\r\n\t\t<li><em>Slim Gender Cable</em>N/A</li>\r\n\t</ul>\r\n\t</li>\r\n</ul>", "slug": "samasung-82-tu8000-4k-uhd-smart-tv-2020", "status": "True", "create_at": "2020-04-19T14:44:47.338Z", "update_at": "2020-05-20T01:07:11.568Z"}}, {"model": "product.product", "pk": 10, "fields": {"category": 9, "title": "Vestel 75 inch led 4k Super Sound Smart Tv", "keywords": "Vestel 75 inch led 4k Super Sound Smart Tv", "description": "Vestel 75 inch led 4k Super Sound Smart Tv", "image": "images/vestel1.jpg", "price": "200.00", "amount": 29, "minamount": 5, "variant": "None", "detail": "<h4><strong>LED TV</strong></h4>\r\n\r\n<p>Thanks to Vestel&rsquo;s world-leading in-house production process, we can offer an unrivalled variety of TV models in a whole host of alternative designs and sizes. Developed with picture perfect Full HD technology, all the models in our range can also be made with various combinations of TV features. To ensure more viewing options, they come with embedded digital tuners as well as media browsers.</p>\r\n\r\n<h4><strong>SMART TV</strong></h4>\r\n\r\n<p>One of the first manufacturers to bring Smart TV to the mainstream market, Vestel is constantly enhancing its Smart Portal design, offering 24/7 access to even greater home entertainment variety. As well as access to movie and catch-up TV services, the Vestel Smart Portal enables viewers to log into their social media accounts and play the latest games.</p>\r\n\r\n<p>Designed for user-friendliness, Vestel Smart TVs also ensure that viewers can share any content from their Android devices straight onto the TV screen.</p>\r\n\r\n<h4><strong>UHD TV</strong></h4>\r\n\r\n<p>Transporting viewers to the heart of the on-screen action, Vestel UHD TVs ensure pin-point sharp picture clarity as well as breath-taking colour vibrancy. Adding depth to every scene, they plunge viewers into alternate realities, making them feel a part of the on-screen story. With ultra-slim bezels, they ensure a more authentic viewing experience, offering plenty of 4K content via the Vestel Smart Portal.</p>", "slug": "vestel-75-inch-led-4k-super-sound-smart-tv", "status": "True", "create_at": "2020-04-19T14:48:39.376Z", "update_at": "2020-05-09T16:23:01.394Z"}}, {"model": "product.product", "pk": 11, "fields": {"category": 12, "title": "Iphone 11 Plus", "keywords": "Iphone 11 Plus", "description": "Iphone 11 Plus", "image": "images/iphone11-1.jpg", "price": "120.00", "amount": 21, "minamount": 5, "variant": "Size", "detail": "<h2>And then there was&nbsp;Pro.</h2>\r\n\r\n<p>A transformative triple\u2011camera system that adds tons of capability without complexity. An unprecedent&shy;ed leap in battery life. And a mind\u2011blowing chip that elevates machine learning and pushes the boundaries of what a smartphone can do. Welcome to the first iPhone powerful enough to be called&nbsp;Pro.</p>\r\n\r\n<h2>4K video</h2>\r\n\r\n<p>Shoot it. Flip it. Zoom it. Crop it. Cut it. Light it. Tweak it. Love&nbsp;it.</p>\r\n\r\n<p>iPhone&nbsp;11&nbsp;Pro lets you capture videos that are beautifully true to life, with greater detail and smoother motion. Epic processing power means it can shoot 4K video with extended dynamic range and cinematic video stabilisation &mdash; all at 60&nbsp;fps. You get more creative control too, with four&nbsp;times more scene and powerful new editing tools to play with.</p>\r\n\r\n<h4>Elegant, immersive interface.</h4>\r\n\r\n<p>&nbsp;</p>\r\n\r\n<p>We leveraged the wider field of view to let you see what&rsquo;s happening outside the image frame &mdash; and simply tap to capture it. And there&rsquo;s almost nothing between you and your subject except a new, Pro camera font. So you&rsquo;re always fully immersed in the scene.</p>", "slug": "iphone-11-plus-64-gb", "status": "True", "create_at": "2020-04-19T14:57:15.044Z", "update_at": "2020-05-20T11:55:16.290Z"}}, {"model": "product.product", "pk": 12, "fields": {"category": 12, "title": "Samsun Galaxy 12 128 GB Plus Smart Phone", "keywords": "Samsun Galaxy 12 128 GB Plus Smart Phone", "description": "Samsun Galaxy 12 128 GB Plus Smart Phone", "image": "images/samsung-1.jpg", "price": "120.00", "amount": 12, "minamount": 5, "variant": "None", "detail": "<p><img alt=\"Main KV\" src=\"https://m.media-amazon.com/images/S/aplus-media/vc/f3b7f8f4-cace-486d-8432-7d8d9daa0ff6.__CR0,0,970,300_PT0_SX970_V1___.jpg\" /></p>\r\n\r\n<p><img alt=\"Overview\" src=\"https://m.media-amazon.com/images/S/aplus-media/vc/87cd1506-e724-460b-ba7e-dcca8efd3068.__CR0,0,970,300_PT0_SX970_V1___.jpg\" /></p>\r\n\r\n<table>\r\n\t<tbody>\r\n\t\t<tr>\r\n\t\t\t<th>\r\n\t\t\t<p><img alt=\"Battery\" src=\"https://m.media-amazon.com/images/S/aplus-media/vc/128745fd-94bb-492b-bf5d-344c4cd2c500.__CR0,0,220,220_PT0_SX220_V1___.jpg\" /></p>\r\n\t\t\t</th>\r\n\t\t\t<th>\r\n\t\t\t<p><img alt=\"Fast Charge\" src=\"https://m.media-amazon.com/images/S/aplus-media/vc/74e871ca-6afe-4de5-9164-ca1990b87970.__CR0,0,220,220_PT0_SX220_V1___.jpg\" /></p>\r\n\t\t\t</th>\r\n\t\t\t<th>\r\n\t\t\t<p><img alt=\"Storage\" src=\"https://m.media-amazon.com/images/S/aplus-media/vc/deafde18-eef2-4f6a-8ad3-cc0cd648d138.__CR0,0,220,220_PT0_SX220_V1___.jpg\" /></p>\r\n\t\t\t</th>\r\n\t\t\t<th>\r\n\t\t\t<p><img alt=\"Infinity Display\" src=\"https://m.media-amazon.com/images/S/aplus-media/vc/8e76b365-7b59-48ff-9315-271d9a859b98.__CR0,0,220,220_PT0_SX220_V1___.jpg\" /></p>\r\n\t\t\t</th>\r\n\t\t</tr>\r\n\t\t<tr>\r\n\t\t\t<td>\r\n\t\t\t<h4>Power that lasts more than your day.</h4>\r\n\r\n\t\t\t<p>An all-day battery that intelligently powers every scroll, click, call, tap, playlist and season finale you can throw at it.</p>\r\n\r\n\t\t\t<p>Based on average battery life under typical usage conditions. Average expected performance based on typical use. Actual battery life depends on factors such as network, features selected, frequency of calls, and voice, data, and other application usage patterns. Results may vary.</p>\r\n\t\t\t</td>\r\n\t\t\t<td>\r\n\t\t\t<h4>Hours of power from minutes of charge.</h4>\r\n\r\n\t\t\t<p>Charge up with Superfast Charge and head out the door faster, with more juice.</p>\r\n\r\n\t\t\t<p>When using the included charger and cable.</p>\r\n\t\t\t</td>\r\n\t\t\t<td>\r\n\t\t\t<h4>Storage of a laptop in your pocket.</h4>\r\n\r\n\t\t\t<p>Generous storage out of the box plus expandable* memory means you never have to delete what&rsquo;s important to you.</p>\r\n\r\n\t\t\t<p>*Not available on Galaxy Note10; microSD card sold separately.</p>\r\n\t\t\t</td>\r\n\t\t\t<td>\r\n\t\t\t<h4>Immersive, nearly bezel-less cinematic display.</h4>\r\n\r\n\t\t\t<p>With nearly immersive bezels, Galaxy Note10 cinema-quality display elevates everything you watch.</p>\r\n\t\t\t</td>\r\n\t\t</tr>\r\n\t</tbody>\r\n</table>\r\n\r\n<table>\r\n\t<tbody>\r\n\t\t<tr>\r\n\t\t\t<th>\r\n\t\t\t<p><img alt=\"Power of S Pen\" src=\"https://m.media-amazon.com/images/S/aplus-media/vc/4664d546-d620-4bb3-87be-3ff2c0a17c8e.__CR0,0,220,220_PT0_SX220_V1___.jpg\" /></p>\r\n\t\t\t</th>\r\n\t\t\t<th>\r\n\t\t\t<p><img alt=\"Air Click\" src=\"https://m.media-amazon.com/images/S/aplus-media/vc/2ad6b7f2-a9cd-488e-9fb4-7db3c5c4e8dd.__CR0,0,220,220_PT0_SX220_V1___.jpg\" /></p>\r\n\t\t\t</th>\r\n\t\t\t<th>\r\n\t\t\t<p><img alt=\"Video Bokeh\" src=\"https://m.media-amazon.com/images/S/aplus-media/vc/feccdd17-a9d3-4446-9eac-ffa75e7e02c6.__CR0,0,220,220_PT0_SX220_V1___.jpg\" /></p>\r\n\t\t\t</th>\r\n\t\t\t<th>\r\n\t\t\t<p><img alt=\"Pro-grade Camera\" src=\"https://m.media-amazon.com/images/S/aplus-media/vc/bc7dcf14-1b96-4340-b1e6-61f5b943762b.__CR0,0,220,220_PT0_SX220_V1___.jpg\" /></p>\r\n\t\t\t</th>\r\n\t\t</tr>\r\n\t\t<tr>\r\n\t\t\t<td>\r\n\t\t\t<h4>Air gestures, remote photos and handwriting-to-text, in one magic wand.</h4>\r\n\r\n\t\t\t<p>The closest thing to a magic wand for your smartphone, S Pen is a remote control for your device, with air gestures, remote shutter button for perfect photos, precision clipping and editing, and seamless handwriting-to-text conversion.</p>\r\n\t\t\t</td>\r\n\t\t\t<td>\r\n\t\t\t<h4>Gesture to command, without touching your phone.</h4>\r\n\r\n\t\t\t<p>Control playlists, camera shots and other features remotely on Galaxy Note10 with gestures and click on S Pen.</p>\r\n\t\t\t</td>\r\n\t\t\t<td>\r\n\t\t\t<h4>Real-world depth for perfect video.</h4>\r\n\r\n\t\t\t<p>Galaxy Note10&rsquo;s pro-grade camera captures lie video bokeh for stunning depth in every frame.</p>\r\n\t\t\t</td>\r\n\t\t\t<td>&nbsp;</td>\r\n\t\t</tr>\r\n\t</tbody>\r\n</table>", "slug": "samsun-galaxy-12-128-gb-plus-smart-phone", "status": "True", "create_at": "2020-04-19T16:42:47.768Z", "update_at": "2020-11-25T12:11:25.965Z"}}, {"model": "product.product", "pk": 14, "fields": {"category": 17, "title": "T-Shirts", "keywords": "T-Shirts", "description": "T-Shirts", "image": "images/T-Shirts_black_JCkIFIb.jpg", "price": "10.00", "amount": 0, "minamount": 5, "variant": "Size-Color", "detail": "<ul>\r\n\t<li>95% cotton, 5% spandex</li>\r\n\t<li>LAPASA cotton stretch undershirts are made with 95% extra long-staple combed cotton and 5% spandex that maintain comfort and softness wash after wash meanwhile offer extra elasticity.</li>\r\n\t<li>Suitable length for stay tucked;flat stitches for the seamless feeling when wearing under the bussines shirts or jackets.</li>\r\n\t<li>Reinforced stitching on the neck and shoulders, no deformation after washing, prevent bacon neck, perfect for both single wear and matching with suits inside.</li>\r\n\t<li>Tag-free design that eliminates annoying itching and scratching.</li>\r\n\t<li>Breathable and moisture wicking fabric will keep all day fresh and clean.</li>\r\n</ul>", "slug": "cotton-t-shirts", "status": "True", "create_at": "2020-05-17T12:15:41.008Z", "update_at": "2020-11-25T12:11:25.962Z"}}, {"model": "product.product", "pk": 15, "fields": {"category": 23, "title": "Ergonomic Mesh Chair with Armrest", "keywords": "Ergonomic Mesh Chair with Armrest", "description": "Ergonomic office chair with lumbar support mesh back for breathability. Updated thick padded Seat provide extra comfort for daily use. Bifima certification: more reliable and sturdy, maximum capacity up to 265 lbs.", "image": "images/office-cahir-black.jpg", "price": "20.00", "amount": 0, "minamount": 5, "variant": "Color", "detail": "<ul>\r\n\t<li>Ergonomic office chair with lumbar support mesh back for breathability.</li>\r\n\t<li>Updated thick padded Seat provide extra comfort for daily use.</li>\r\n\t<li>Bifima certification: more reliable and sturdy, maximum capacity up to 265 lbs.</li>\r\n\t<li>5 star heavy duty base with 360 degree swivel wheels, running smoothly on floors.</li>\r\n\t<li>The wing Type back support makes you sit comfortably while you work.</li>\r\n</ul>\r\n\r\n<h1>Technical Details</h1>\r\n\r\n<table id=\"productDetails_techSpec_section_1\">\r\n\t<tbody>\r\n\t\t<tr>\r\n\t\t\t<th>Item Weight</th>\r\n\t\t\t<td>25 pounds</td>\r\n\t\t</tr>\r\n\t\t<tr>\r\n\t\t\t<th>Product Dimensions</th>\r\n\t\t\t<td>23.2 x 11 x 22.8 inches</td>\r\n\t\t</tr>\r\n\t\t<tr>\r\n\t\t\t<th>Item model number</th>\r\n\t\t\t<td>Furmax</td>\r\n\t\t</tr>\r\n\t\t<tr>\r\n\t\t\t<th>Is Discontinued By Manufacturer</th>\r\n\t\t\t<td>No</td>\r\n\t\t</tr>\r\n\t\t<tr>\r\n\t\t\t<th>Assembled Depth</th>\r\n\t\t\t<td>19.7 inches</td>\r\n\t\t</tr>\r\n\t\t<tr>\r\n\t\t\t<th>Weight</th>\r\n\t\t\t<td>24 Pounds</td>\r\n\t\t</tr>\r\n\t</tbody>\r\n</table>\r\n\r\n<p>&nbsp;</p>\r\n\r\n<p>&nbsp;</p>", "slug": "ergonomic-mesh-chair-armrest", "status": "True", "create_at": "2020-05-20T12:17:33.905Z", "update_at": "2020-11-27T11:02:03.144Z"}}, {"model": "product.product", "pk": 16, "fields": {"category": 6, "title": "Asus Core I7 Pro Laptop", "keywords": "Asus Core I7 Pro Laptop", "description": "Asus Core I7 Pro Laptop", "image": "images/asus_laptop_votBRW4.jpg", "price": "500.00", "amount": 0, "minamount": 3, "variant": "Size", "detail": "<p>Asus CoreI7 Pro Laptop</p>\r\n\r\n<p>Asus CoreI7 Pro Laptop</p>\r\n\r\n<p>Asus CoreI7 Pro Laptop</p>", "slug": "asus-corei7-pro-laptop", "status": "True", "create_at": "2020-05-21T00:00:21.019Z", "update_at": "2020-11-25T12:11:25.952Z"}}, {"model": "product.product", "pk": 17, "fields": {"category": 25, "title": "Porcelain 50*40", "keywords": "Porcelain 50*40", "description": "Porcelain 50*40", "image": "images/porslane_.jpg", "price": "2000.00", "amount": 7, "minamount": 3, "variant": "Size-Color", "detail": "<p>Porcelain 50*40</p>", "slug": "porcelain-5040", "status": "True", "create_at": "2020-11-27T10:46:13.728Z", "update_at": "2020-11-27T11:14:40.837Z"}}, {"model": "product.images", "pk": 1, "fields": {"product": 3, "title": "", "image": "images/banner15.jpg"}}, {"model": "product.images", "pk": 2, "fields": {"product": 3, "title": "", "image": "images/banner01.jpg"}}, {"model": "product.images", "pk": 3, "fields": {"product": 4, "title": "", "image": "images/banner12.jpg"}}, {"model": "product.images", "pk": 4, "fields": {"product": 4, "title": "", "image": "images/product01.jpg"}}, {"model": "product.images", "pk": 5, "fields": {"product": 5, "title": "", "image": "images/thumb-product04.jpg"}}, {"model": "product.images", "pk": 6, "fields": {"product": 5, "title": "", "image": "images/thumb-product02.jpg"}}, {"model": "product.images", "pk": 7, "fields": {"product": 6, "title": "Blue", "image": "images/main-product02.jpg"}}, {"model": "product.images", "pk": 8, "fields": {"product": 6, "title": "Brown", "image": "images/main-product03.jpg"}}, {"model": "product.images", "pk": 9, "fields": {"product": 6, "title": "Pink", "image": "images/main-product04.jpg"}}, {"model": "product.images", "pk": 10, "fields": {"product": 7, "title": "", "image": "images/banner06.jpg"}}, {"model": "product.images", "pk": 11, "fields": {"product": 7, "title": "", "image": "images/main-product04_hK5QdUU.jpg"}}, {"model": "product.images", "pk": 12, "fields": {"product": 8, "title": "back", "image": "images/lg2_R3096y1.jpg"}}, {"model": "product.images", "pk": 13, "fields": {"product": 8, "title": "Front", "image": "images/lg3_41XhY10.jpg"}}, {"model": "product.images", "pk": 14, "fields": {"product": 8, "title": "Side", "image": "images/lg4_TUUmUiy.jpg"}}, {"model": "product.images", "pk": 15, "fields": {"product": 9, "title": "", "image": "images/samsungtv2.jpg"}}, {"model": "product.images", "pk": 16, "fields": {"product": 9, "title": "", "image": "images/samsungtv3.jpg"}}, {"model": "product.images", "pk": 17, "fields": {"product": 10, "title": "", "image": "images/vestel2_Hmyqbci.jpg"}}, {"model": "product.images", "pk": 18, "fields": {"product": 11, "title": "", "image": "images/iphone11-2.jpg"}}, {"model": "product.images", "pk": 19, "fields": {"product": 11, "title": "", "image": "images/iphone11-3.jpg"}}, {"model": "product.images", "pk": 20, "fields": {"product": 12, "title": "", "image": "images/samsung-2.jpg"}}, {"model": "product.images", "pk": 21, "fields": {"product": 12, "title": "", "image": "images/samsung-3_UM9vYsI.jpg"}}, {"model": "product.images", "pk": 22, "fields": {"product": 12, "title": "", "image": "images/samsung-4.jpg"}}, {"model": "product.images", "pk": 27, "fields": {"product": 14, "title": "Black T-shirt", "image": "images/T-Shirts_black_fyBYq6e.jpg"}}, {"model": "product.images", "pk": 28, "fields": {"product": 14, "title": "Ecletric blue  T-shirt", "image": "images/T-Shirts_Electric-blue_lfBupHo.jpg"}}, {"model": "product.images", "pk": 29, "fields": {"product": 14, "title": "Gray  T-shirt", "image": "images/T-Shirts-gray_v1vw8nJ.jpg"}}, {"model": "product.images", "pk": 30, "fields": {"product": 14, "title": "White  T-shirt", "image": "images/T-Shirts-white_ahdCe42.jpg"}}, {"model": "product.images", "pk": 31, "fields": {"product": 1, "title": "Front", "image": "images/desktop2.jfif"}}, {"model": "product.images", "pk": 32, "fields": {"product": 1, "title": "All", "image": "images/desktop_Od15Vmf.jpg"}}, {"model": "product.images", "pk": 33, "fields": {"product": 15, "title": "Black", "image": "images/office-cahir-black_hsdlFW7.jpg"}}, {"model": "product.images", "pk": 34, "fields": {"product": 15, "title": "Red", "image": "images/office-cahir-red.jpg"}}, {"model": "product.images", "pk": 36, "fields": {"product": 16, "title": "front", "image": "images/asus1_1mbaqhk.jpg"}}, {"model": "product.images", "pk": 37, "fields": {"product": 16, "title": "side", "image": "images/hp_laptop_d69cahd.jpg"}}, {"model": "product.images", "pk": 38, "fields": {"product": 17, "title": "green22", "image": "images/hp-dektop1_U92ig0m.png"}}, {"model": "product.images", "pk": 39, "fields": {"product": 15, "title": "bule", "image": "images/blue.jpg"}}, {"model": "product.images", "pk": 40, "fields": {"product": 17, "title": "blue", "image": "images/bluepc.jpg"}}, {"model": "product.color", "pk": 1, "fields": {"name": "Amaranth", "code": "#51114"}}, {"model": "product.color", "pk": 2, "fields": {"name": "Amber", "code": "#FFBF00"}}, {"model": "product.color", "pk": 3, "fields": {"name": "Amethyst", "code": "#9966CC"}}, {"model": "product.color", "pk": 4, "fields": {"name": "Apricot", "code": "#FBCEB1"}}, {"model": "product.color", "pk": 5, "fields": {"name": "Aquamarine", "code": "#7FFFD4"}}, {"model": "product.color", "pk": 6, "fields": {"name": "Azure", "code": "#007FFF"}}, {"model": "product.color", "pk": 7, "fields": {"name": "Baby blue", "code": "#89CFF0"}}, {"model": "product.color", "pk": 8, "fields": {"name": "Beige", "code": "#F5F5DC"}}, {"model": "product.color", "pk": 9, "fields": {"name": "Black", "code": "#000000"}}, {"model": "product.color", "pk": 10, "fields": {"name": "Blue", "code": "#0000FF"}}, {"model": "product.color", "pk": 11, "fields": {"name": "Blue-green", "code": "#0095B6"}}, {"model": "product.color", "pk": 12, "fields": {"name": "Blue-violet", "code": "#8A2BE2"}}, {"model": "product.color", "pk": 13, "fields": {"name": "Blush", "code": "#DE5D83"}}, {"model": "product.color", "pk": 14, "fields": {"name": "Bronze", "code": "#CD7F32"}}, {"model": "product.color", "pk": 15, "fields": {"name": "Brown", "code": "#964B00"}}, {"model": "product.color", "pk": 16, "fields": {"name": "Burgundy", "code": "#800020"}}, {"model": "product.color", "pk": 17, "fields": {"name": "Byzantium", "code": "#702963"}}, {"model": "product.color", "pk": 18, "fields": {"name": "Carmine", "code": "#960018"}}, {"model": "product.color", "pk": 19, "fields": {"name": "Cerise", "code": "#DE3163"}}, {"model": "product.color", "pk": 20, "fields": {"name": "Cerulean", "code": "#007BA7"}}, {"model": "product.color", "pk": 21, "fields": {"name": "Champagne", "code": "#F7E7CE"}}, {"model": "product.color", "pk": 22, "fields": {"name": "Chartreuse green", "code": "#7FFF00"}}, {"model": "product.color", "pk": 23, "fields": {"name": "Chocolate", "code": "#7B3F00"}}, {"model": "product.color", "pk": 24, "fields": {"name": "Cobalt blue", "code": "#0047AB"}}, {"model": "product.color", "pk": 25, "fields": {"name": "Coffee", "code": "#6F4E37"}}, {"model": "product.color", "pk": 26, "fields": {"name": "Copper", "code": "#B87333"}}, {"model": "product.color", "pk": 27, "fields": {"name": "Coral", "code": "#FF7F50"}}, {"model": "product.color", "pk": 28, "fields": {"name": "Crimson", "code": "#DC143C"}}, {"model": "product.color", "pk": 29, "fields": {"name": "Cyan", "code": "#00FFFF"}}, {"model": "product.color", "pk": 30, "fields": {"name": "Desert sand", "code": "#EDC9Af"}}, {"model": "product.color", "pk": 31, "fields": {"name": "Electric blue", "code": "#7DF9FF"}}, {"model": "product.color", "pk": 32, "fields": {"name": "Emerald", "code": "#50C878"}}, {"model": "product.color", "pk": 33, "fields": {"name": "Erin", "code": "#00FF3F"}}, {"model": "product.color", "pk": 34, "fields": {"name": "Gold", "code": "#FFD700"}}, {"model": "product.color", "pk": 35, "fields": {"name": "Gray", "code": "#808080"}}, {"model": "product.color", "pk": 36, "fields": {"name": "Green", "code": "#00FF00"}}, {"model": "product.color", "pk": 37, "fields": {"name": "Harlequin", "code": "#3FFF00"}}, {"model": "product.color", "pk": 38, "fields": {"name": "Indigo", "code": "#4B0082"}}, {"model": "product.color", "pk": 39, "fields": {"name": "Ivory", "code": "#FFFFF0"}}, {"model": "product.color", "pk": 40, "fields": {"name": "Jade", "code": "#00A86B"}}, {"model": "product.color", "pk": 41, "fields": {"name": "Jungle green", "code": "#29AB87"}}, {"model": "product.color", "pk": 42, "fields": {"name": "Lavender", "code": "#B57EDC"}}, {"model": "product.color", "pk": 43, "fields": {"name": "Lemon", "code": "#FFF700"}}, {"model": "product.color", "pk": 44, "fields": {"name": "Lilac", "code": "#C8A2C8"}}, {"model": "product.color", "pk": 45, "fields": {"name": "Lime", "code": "#BFFF00"}}, {"model": "product.color", "pk": 46, "fields": {"name": "Magenta", "code": "#FF00FF"}}, {"model": "product.color", "pk": 47, "fields": {"name": "Magenta rose", "code": "#FF00AF"}}, {"model": "product.color", "pk": 48, "fields": {"name": "Maroon", "code": "#800000"}}, {"model": "product.color", "pk": 49, "fields": {"name": "Mauve", "code": "#E0B0FF"}}, {"model": "product.color", "pk": 50, "fields": {"name": "Navy blue", "code": "#000080"}}, {"model": "product.color", "pk": 51, "fields": {"name": "Ochre", "code": "#CC7722"}}, {"model": "product.color", "pk": 52, "fields": {"name": "Olive", "code": "#808000"}}, {"model": "product.color", "pk": 53, "fields": {"name": "Orange", "code": "#FF6600"}}, {"model": "product.color", "pk": 54, "fields": {"name": "Orange-red", "code": "#FF4500"}}, {"model": "product.color", "pk": 55, "fields": {"name": "Orchid", "code": "#DA70D6"}}, {"model": "product.color", "pk": 56, "fields": {"name": "Peach", "code": "#FFE5B4"}}, {"model": "product.color", "pk": 57, "fields": {"name": "Pear", "code": "#D1E231"}}, {"model": "product.color", "pk": 58, "fields": {"name": "Periwinkle", "code": "#CCCCFF"}}, {"model": "product.color", "pk": 59, "fields": {"name": "Persian blue", "code": "#1C39BB"}}, {"model": "product.color", "pk": 60, "fields": {"name": "Pink", "code": "#FD6C9E"}}, {"model": "product.color", "pk": 61, "fields": {"name": "Plum", "code": "#8E4585"}}, {"model": "product.color", "pk": 62, "fields": {"name": "Prussian blue", "code": "#003153"}}, {"model": "product.color", "pk": 63, "fields": {"name": "Puce", "code": "#CC8899"}}, {"model": "product.color", "pk": 64, "fields": {"name": "Purple", "code": "#800080"}}, {"model": "product.color", "pk": 65, "fields": {"name": "Raspberry", "code": "#E30B5C"}}, {"model": "product.color", "pk": 66, "fields": {"name": "Red", "code": "#FF0000"}}, {"model": "product.color", "pk": 67, "fields": {"name": "Red-violet", "code": "#C71585"}}, {"model": "product.color", "pk": 68, "fields": {"name": "Rose", "code": "#FF007F"}}, {"model": "product.color", "pk": 69, "fields": {"name": "Ruby", "code": "#E0115F"}}, {"model": "product.color", "pk": 70, "fields": {"name": "Salmon", "code": "#FA8072"}}, {"model": "product.color", "pk": 71, "fields": {"name": "Sangria", "code": "#92000A"}}, {"model": "product.color", "pk": 72, "fields": {"name": "Sapphire", "code": "#0F52BA"}}, {"model": "product.color", "pk": 73, "fields": {"name": "Scarlet", "code": "#FF2400"}}, {"model": "product.color", "pk": 74, "fields": {"name": "Silver", "code": "#C0C0C0"}}, {"model": "product.color", "pk": 75, "fields": {"name": "Slate gray", "code": "#708090"}}, {"model": "product.color", "pk": 76, "fields": {"name": "Spring bud", "code": "#A7FC00"}}, {"model": "product.color", "pk": 77, "fields": {"name": "Spring green", "code": "#00FF7F"}}, {"model": "product.color", "pk": 78, "fields": {"name": "Tan", "code": "#D2B48C"}}, {"model": "product.color", "pk": 79, "fields": {"name": "Taupe", "code": "#483C32"}}, {"model": "product.color", "pk": 80, "fields": {"name": "Teal", "code": "#008080"}}, {"model": "product.color", "pk": 81, "fields": {"name": "Turquoise", "code": "#40E0D0"}}, {"model": "product.color", "pk": 82, "fields": {"name": "Ultramarine", "code": "#3F00FF"}}, {"model": "product.color", "pk": 83, "fields": {"name": "Violet", "code": "#7F00FF"}}, {"model": "product.color", "pk": 84, "fields": {"name": "Viridian", "code": "#40826D"}}, {"model": "product.color", "pk": 85, "fields": {"name": "White", "code": "#FFFFFF"}}, {"model": "product.color", "pk": 86, "fields": {"name": "Yellow", "code": "#FFFF00"}}, {"model": "product.color", "pk": 87, "fields": {"name": "-No Color-", "code": null}}, {"model": "product.size", "pk": 1, "fields": {"name": "XS", "code": "0"}}, {"model": "product.size", "pk": 2, "fields": {"name": "S", "code": "0"}}, {"model": "product.size", "pk": 3, "fields": {"name": "M", "code": "0"}}, {"model": "product.size", "pk": 4, "fields": {"name": "L", "code": "0"}}, {"model": "product.size", "pk": 5, "fields": {"name": "XL", "code": "0"}}, {"model": "product.size", "pk": 6, "fields": {"name": "XXL", "code": "0"}}, {"model": "product.size", "pk": 7, "fields": {"name": "XSMALL", "code": "0"}}, {"model": "product.size", "pk": 8, "fields": {"name": "SMALL", "code": "0"}}, {"model": "product.size", "pk": 9, "fields": {"name": "MEDIUM", "code": "0"}}, {"model": "product.size", "pk": 10, "fields": {"name": "LARGE", "code": "0"}}, {"model": "product.size", "pk": 11, "fields": {"name": "X LARGE", "code": "0"}}, {"model": "product.size", "pk": 12, "fields": {"name": "XX LARGE", "code": "0"}}, {"model": "product.size", "pk": 13, "fields": {"name": "16 GB", "code": null}}, {"model": "product.size", "pk": 14, "fields": {"name": "32 GB", "code": null}}, {"model": "product.size", "pk": 15, "fields": {"name": "64 GB", "code": null}}, {"model": "product.size", "pk": 16, "fields": {"name": "128 GB", "code": null}}, {"model": "product.size", "pk": 17, "fields": {"name": "256 GB", "code": null}}, {"model": "product.size", "pk": 18, "fields": {"name": "24", "code": null}}, {"model": "product.size", "pk": 19, "fields": {"name": "26", "code": null}}, {"model": "product.size", "pk": 20, "fields": {"name": "28", "code": null}}, {"model": "product.size", "pk": 21, "fields": {"name": "30", "code": null}}, {"model": "product.size", "pk": 22, "fields": {"name": "32", "code": null}}, {"model": "product.size", "pk": 23, "fields": {"name": "34", "code": null}}, {"model": "product.size", "pk": 24, "fields": {"name": "36", "code": null}}, {"model": "product.size", "pk": 25, "fields": {"name": "38", "code": null}}, {"model": "product.size", "pk": 26, "fields": {"name": "40", "code": null}}, {"model": "product.size", "pk": 27, "fields": {"name": "42", "code": null}}, {"model": "product.size", "pk": 28, "fields": {"name": "44", "code": null}}, {"model": "product.size", "pk": 29, "fields": {"name": "13inch", "code": null}}, {"model": "product.size", "pk": 30, "fields": {"name": "14 inch", "code": null}}, {"model": "product.variants", "pk": 2, "fields": {"title": "Black T-Shirt XS", "product": 14, "color": 9, "size": 1, "image_id": 27, "quantity": 10, "price": "10.00"}}, {"model": "product.variants", "pk": 3, "fields": {"title": "Black T-Shirt S", "product": 14, "color": 9, "size": 2, "image_id": 27, "quantity": 10, "price": "10.00"}}, {"model": "product.variants", "pk": 4, "fields": {"title": "Black T-Shirt", "product": 14, "color": 9, "size": 3, "image_id": 27, "quantity": 10, "price": "12.00"}}, {"model": "product.variants", "pk": 5, "fields": {"title": "Black T-Shirt", "product": 14, "color": 9, "size": 5, "image_id": 27, "quantity": 13, "price": "12.00"}}, {"model": "product.variants", "pk": 6, "fields": {"title": "Ecletric blue  T-shirt", "product": 14, "color": 31, "size": 2, "image_id": 28, "quantity": 10, "price": "11.00"}}, {"model": "product.variants", "pk": 7, "fields": {"title": "Ecletric blue  T-shirt", "product": 14, "color": 31, "size": 3, "image_id": 28, "quantity": 10, "price": "10.00"}}, {"model": "product.variants", "pk": 8, "fields": {"title": "Ecletric blue  T-shirt", "product": 14, "color": 31, "size": 5, "image_id": 28, "quantity": 10, "price": "12.00"}}, {"model": "product.variants", "pk": 9, "fields": {"title": "Ecletric blue  T-shirt", "product": 14, "color": 31, "size": 6, "image_id": 28, "quantity": 10, "price": "18.00"}}, {"model": "product.variants", "pk": 10, "fields": {"title": "White  T-shirt", "product": 14, "color": 85, "size": 3, "image_id": 30, "quantity": 15, "price": "10.00"}}, {"model": "product.variants", "pk": 11, "fields": {"title": "White  T-shirt", "product": 14, "color": 85, "size": 4, "image_id": 30, "quantity": 9, "price": "11.00"}}, {"model": "product.variants", "pk": 12, "fields": {"title": "Gray  T-shirt", "product": 14, "color": 35, "size": 2, "image_id": 29, "quantity": 10, "price": "11.00"}}, {"model": "product.variants", "pk": 13, "fields": {"title": "Gray  T-shirt", "product": 14, "color": 35, "size": 3, "image_id": 29, "quantity": 10, "price": "11.00"}}, {"model": "product.variants", "pk": 14, "fields": {"title": "Gray  T-shirt", "product": 14, "color": 35, "size": 6, "image_id": 29, "quantity": -10, "price": "13.00"}}, {"model": "product.variants", "pk": 15, "fields": {"title": "Gray  T-shirt", "product": 14, "color": 35, "size": 1, "image_id": 29, "quantity": 3, "price": "11.00"}}, {"model": "product.variants", "pk": 16, "fields": {"title": "Iphone 11 Plus 32 GB", "product": 11, "color": null, "size": 14, "image_id": 0, "quantity": 2, "price": "600.00"}}, {"model": "product.variants", "pk": 17, "fields": {"title": "Iphone 11 Plus 64 GB", "product": 11, "color": null, "size": 15, "image_id": 0, "quantity": 5, "price": "700.00"}}, {"model": "product.variants", "pk": 18, "fields": {"title": "Iphone 11 Plus 128 GB", "product": 11, "color": null, "size": 16, "image_id": 0, "quantity": 5, "price": "800.00"}}, {"model": "product.variants", "pk": 19, "fields": {"title": "Iphone 11 Plus 256 GB", "product": 11, "color": null, "size": 17, "image_id": 0, "quantity": 5, "price": "900.00"}}, {"model": "product.variants", "pk": 20, "fields": {"title": "Ergonomic Mesh Chair with Armrest Black", "product": 15, "color": 9, "size": null, "image_id": 33, "quantity": 10, "price": "100.00"}}, {"model": "product.variants", "pk": 21, "fields": {"title": "Ergonomic Mesh Chair with Armrest Red", "product": 15, "color": 66, "size": null, "image_id": 34, "quantity": 10, "price": "105.00"}}, {"model": "product.variants", "pk": 23, "fields": {"title": "Asus CoreI7 Pro Laptop 13 inch", "product": 16, "color": null, "size": 29, "image_id": 37, "quantity": 10, "price": "1000.00"}}, {"model": "product.variants", "pk": 24, "fields": {"title": "Asus CoreI7 Pro Laptop 14 inch", "product": 16, "color": null, "size": 30, "image_id": 36, "quantity": 10, "price": "1200.00"}}, {"model": "product.variants", "pk": 25, "fields": {"title": "red", "product": 17, "color": 66, "size": 18, "image_id": 38, "quantity": 1, "price": "500.00"}}, {"model": "product.variants", "pk": 26, "fields": {"title": "blue", "product": 17, "color": 10, "size": 21, "image_id": 40, "quantity": 1, "price": "600.00"}}, {"model": "product.variants", "pk": 27, "fields": {"title": "Ergonomic Mesh Chair with Armrest  blue", "product": 15, "color": 10, "size": null, "image_id": 39, "quantity": 1, "price": "0.00"}}, {"model": "product.variants", "pk": 28, "fields": {"title": "\u0628\u0648\u0631\u0633\u0644\u064a\u0646", "product": 17, "color": 10, "size": null, "image_id": 0, "quantity": 1, "price": "2000.00"}}, {"model": "product.productlang", "pk": 1, "fields": {"product": 1, "lang": "ar", "title": "hp all in on", "keywords": "hp all in on", "description": "hp all in on", "slug": "hpallinon", "detail": "<p>\u0645\u0648\u0627\u0635\u0641\u0627\u062a \u0627\u0644\u0645\u0646\u062a\u062c<br />\r\nSSD 256 \u062c\u064a\u062c\u0627 \u0628\u0627\u064a\u062a</p>\r\n\r\n<p>\u0633\u0639\u0629 \u0627\u0644\u0642\u0631\u0635 256 \u062c\u064a\u062c\u0627\u0628\u0627\u064a\u062a</p>\r\n\r\n<p>\u0630\u0627\u0643\u0631\u0629 \u0628\u0637\u0627\u0642\u0629 \u0627\u0644\u0631\u0633\u0648\u0645\u0627\u062a \u063a\u064a\u0631 \u0627\u0644\u0645\u0634\u062a\u0631\u0643\u0629 (2 \u062c\u064a\u062c\u0627\u0628\u0627\u064a\u062a)</p>\r\n\r\n<p>\u0628\u0631\u0627\u0646\u062f \u0623\u0633\u0648\u0633</p>\r\n\r\n<p>\u0630\u0627\u0643\u0631\u0629 \u0627\u0644\u0646\u0638\u0627\u0645 (\u062c\u064a\u062c\u0627\u0628\u0627\u064a\u062a) 8 \u062c\u064a\u062c\u0627\u0628\u0627\u064a\u062a</p>\r\n\r\n<p>\u0627\u0644\u0645\u0639\u0627\u0644\u062c Intel Core i5</p>\r\n\r\n<p>\u0646\u0638\u0627\u0645 \u0627\u0644\u062a\u0634\u063a\u064a\u0644 \u0627\u0644\u0645\u062c\u0627\u0646\u064a \u062f\u0648\u0633</p>\r\n\r\n<p>\u0637\u0631\u0627\u0632 \u0627\u0644\u0645\u0639\u0627\u0644\u062c Intel i5-8265U</p>\r\n\r\n<p>\u062f\u0639\u0645 3G / 4G</p>\r\n\r\n<p>\u062d\u062c\u0645 \u0627\u0644\u0634\u0627\u0634\u0629 14 \u0628\u0648\u0635\u0629</p>\r\n\r\n<p>\u062f\u0642\u0629 \u0627\u0644\u0639\u0631\u0636 \u0627\u0644\u0642\u0635\u0648\u0649 1920 &times; 1080</p>\r\n\r\n<p>\u062f\u0639\u0645 USB 3.0 \u0646\u0639\u0645</p>\r\n\r\n<p>\u0646\u0648\u0639 \u0627\u0644\u0645\u0646\u062a\u062c</p>"}}, {"model": "product.productlang", "pk": 2, "fields": {"product": 16, "lang": "ar", "title": "Asus Core I7 Pro", "keywords": "Asus Core I7 Pro", "description": "Asus Core I7 Pro", "slug": "Asus-CoreI7-Pro-Dizustu-Bilgisayar", "detail": "<p>&nbsp;Asus Core I7 Pro<br />\r\n&nbsp; Asus Core I7 Pro<br />\r\n&nbsp; Asus CoreI7 Pro</p>"}}, {"model": "product.productlang", "pk": 3, "fields": {"product": 15, "lang": "ar", "title": "\u0643\u0631\u0633\u064a \u062e\u0648\u0635 \u0645\u0631\u064a\u062d \u0645\u0639 \u0645\u0633\u0627\u0646\u062f \u0644\u0644\u0630\u0631\u0627\u0639\u064a\u0646", "keywords": "\u0643\u0631\u0633\u064a \u062e\u0648\u0635 \u0645\u0631\u064a\u062d \u0645\u0639 \u0645\u0633\u0627\u0646\u062f \u0644\u0644\u0630\u0631\u0627\u0639\u064a\u0646", "description": "\u0643\u0631\u0633\u064a \u062e\u0648\u0635 \u0645\u0631\u064a\u062d \u0645\u0639 \u0645\u0633\u0627\u0646\u062f \u0644\u0644\u0630\u0631\u0627\u0639\u064a\u0646", "slug": "kolcakli-ergonomik-hasir-sandalye", "detail": "<p>\u0643\u0631\u0633\u064a \u062e\u0648\u0635 \u0645\u0631\u064a\u062d \u0645\u0639 \u0645\u0633\u0627\u0646\u062f \u0644\u0644\u0630\u0631\u0627\u0639\u064a\u0646</p>\r\n\r\n<p>\u0643\u0631\u0633\u064a \u062e\u0648\u0635 \u0645\u0631\u064a\u062d \u0645\u0639 \u0645\u0633\u0627\u0646\u062f \u0644\u0644\u0630\u0631\u0627\u0639\u064a\u0646</p>\r\n\r\n<p>\u0643\u0631\u0633\u064a \u062e\u0648\u0635 \u0645\u0631\u064a\u062d \u0645\u0639 \u0645\u0633\u0627\u0646\u062f \u0644\u0644\u0630\u0631\u0627\u0639\u064a\u0646</p>\r\n\r\n<p>\u0643\u0631\u0633\u064a \u062e\u0648\u0635 \u0645\u0631\u064a\u062d \u0645\u0639 \u0645\u0633\u0627\u0646\u062f \u0644\u0644\u0630\u0631\u0627\u0639\u064a\u0646</p>"}}, {"model": "product.productlang", "pk": 4, "fields": {"product": 5, "lang": "ar", "title": "\u062d\u0630\u0627\u0621 \u0643\u0648\u0646\u0641\u064a\u0631\u0633 \u0623\u0628\u064a\u0636", "keywords": "\u062d\u0630\u0627\u0621 \u0643\u0648\u0646\u0641\u064a\u0631\u0633 \u0623\u0628\u064a\u0636", "description": "\u062d\u0630\u0627\u0621 \u0643\u0648\u0646\u0641\u064a\u0631\u0633 \u0623\u0628\u064a\u0636", "slug": "ConverseWhiteShoes", "detail": "<p>\u062d\u0630\u0627\u0621 \u0643\u0648\u0646\u0641\u0631\u0633 \u0623\u0628\u064a\u0636 \u062d\u0630\u0627\u0621 \u0643\u0648\u0646\u0641\u064a\u0631\u0633<br />\r\n\u062d\u0630\u0627\u0621 \u0643\u0648\u0646\u0641\u0631\u0633 \u062d\u0630\u0627\u0621 \u0623\u0628\u064a\u0636 \u062d\u0630\u0627\u0621 \u0643\u0648\u0646\u0641\u0631\u0633 \u0623\u0628\u064a\u0636 \u062d\u0630\u0627\u0621 \u0643\u0648\u0646\u0641\u064a\u0631\u0633 \u0623\u0628\u064a\u0636</p>"}}, {"model": "product.productlang", "pk": 5, "fields": {"product": 17, "lang": "ar", "title": "\u0628\u0648\u0631\u0633\u0644\u064a\u0646", "keywords": "\u0628\u0648\u0631\u0633\u0644\u064a\u0646", "description": "\u0628\u0648\u0631\u0633\u0644\u064a\u0646", "slug": "borslyn", "detail": "<p>\u0628\u0648\u0631\u0633\u0644\u064a\u0646</p>"}}, {"model": "product.productlang", "pk": 6, "fields": {"product": 17, "lang": "en", "title": "bursilin 7/5000 Porcelain", "keywords": "bursilin 7/5000 Porcelain", "description": "bursilin 7/5000 Porcelain", "slug": "bursilin-75000-porcelain", "detail": "<p>bursilin</p>\r\n\r\n<p>7/5000</p>\r\n\r\n<p>Porcelain</p>"}}, {"model": "product.categorylang", "pk": 1, "fields": {"category": 15, "lang": "ar", "title": "\u0641\u0633\u062a\u0627\u0646 - \u062d\u0630\u0627\u0621 - \u0627\u0643\u0633\u0633\u0648\u0627\u0631", "keywords": "\u0641\u0633\u062a\u0627\u0646 - \u062d\u0630\u0627\u0621 - \u0627\u0643\u0633\u0633\u0648\u0627\u0631", "slug": "5000-Dress-Shoes-Accessory", "description": "\u0641\u0633\u062a\u0627\u0646 - \u062d\u0630\u0627\u0621 - \u0627\u0643\u0633\u0633\u0648\u0627\u0631"}}, {"model": "product.categorylang", "pk": 2, "fields": {"category": 5, "lang": "ar", "title": "\u0627\u0644\u062d\u0627\u0633\u0648\u0628", "keywords": "Computer", "slug": "Computer", "description": "\u0627\u0644\u062d\u0627\u0633\u0648\u0628"}}, {"model": "product.categorylang", "pk": 3, "fields": {"category": 8, "lang": "ar", "title": "\u0625\u0644\u0643\u062a\u0631\u0648\u0646\u064a", "keywords": "\u0625\u0644\u0643\u062a\u0631\u0648\u0646\u064a", "slug": "Electronic", "description": "\u0625\u0644\u0643\u062a\u0631\u0648\u0646\u064a"}}, {"model": "product.categorylang", "pk": 4, "fields": {"category": 22, "lang": "ar", "title": "\u0623\u062b\u0627\u062b \u0627\u0644\u0645\u0646\u0632\u0644", "keywords": "\u0623\u062b\u0627\u062b \u0627\u0644\u0645\u0646\u0632\u0644", "slug": "furniture", "description": "\u0623\u062b\u0627\u062b \u0627\u0644\u0645\u0646\u0632\u0644"}}, {"model": "product.categorylang", "pk": 5, "fields": {"category": 11, "lang": "ar", "title": "\u0647\u0627\u062a\u0641", "keywords": "\u0647\u0627\u062a\u0641", "slug": "telephone", "description": "\u0647\u0627\u062a\u0641"}}, {"model": "product.categorylang", "pk": 6, "fields": {"category": 20, "lang": "ar", "title": "\u0645\u0644\u062d\u0642\u0627\u062a \u0627\u0644\u0643\u0645\u0628\u064a\u0648\u062a\u0631", "keywords": "\u0645\u0644\u062d\u0642\u0627\u062a \u0627\u0644\u0643\u0645\u0628\u064a\u0648\u062a\u0631", "slug": "5000Computer-Accessories", "description": "\u0645\u0644\u062d\u0642\u0627\u062a \u0627\u0644\u0643\u0645\u0628\u064a\u0648\u062a\u0631"}}, {"model": "product.categorylang", "pk": 7, "fields": {"category": 7, "lang": "ar", "title": "\u0643\u0645\u0628\u064a\u0648\u062a\u0631 \u0645\u0643\u062a\u0628\u064a", "keywords": "\u0643\u0645\u0628\u064a\u0648\u062a\u0631 \u0645\u0643\u062a\u0628\u064a", "slug": "DesktopPC", "description": "\u0643\u0645\u0628\u064a\u0648\u062a\u0631 \u0645\u0643\u062a\u0628\u064a"}}, {"model": "product.categorylang", "pk": 8, "fields": {"category": 6, "lang": "ar", "title": "\u0623\u062c\u0647\u0632\u0629 \u0627\u0644\u0643\u0645\u0628\u064a\u0648\u062a\u0631 \u0627\u0644\u0645\u062d\u0645\u0648\u0644\u0629", "keywords": "\u0623\u062c\u0647\u0632\u0629 \u0627\u0644\u0643\u0645\u0628\u064a\u0648\u062a\u0631 \u0627\u0644\u0645\u062d\u0645\u0648\u0644\u0629", "slug": "Laptop", "description": "\u0623\u062c\u0647\u0632\u0629 \u0627\u0644\u0643\u0645\u0628\u064a\u0648\u062a\u0631 \u0627\u0644\u0645\u062d\u0645\u0648\u0644\u0629"}}, {"model": "product.categorylang", "pk": 9, "fields": {"category": 18, "lang": "ar", "title": "\u0623\u0643\u064a\u0627\u0633", "keywords": "\u0623\u0643\u064a\u0627\u0633", "slug": "Bags", "description": "\u0623\u0643\u064a\u0627\u0633"}}, {"model": "product.categorylang", "pk": 10, "fields": {"category": 16, "lang": "ar", "title": "\u0627\u0644\u0623\u062d\u0630\u064a\u0629", "keywords": "\u0627\u0644\u0623\u062d\u0630\u064a\u0629", "slug": "shoes", "description": "\u0627\u0644\u0623\u062d\u0630\u064a\u0629"}}, {"model": "product.categorylang", "pk": 11, "fields": {"category": 19, "lang": "ar", "title": "\u0627\u0643\u0633\u0633\u0648\u0627\u0631\u0627\u062a \u0646\u0633\u0627\u0626\u064a\u0629", "keywords": "\u0627\u0643\u0633\u0633\u0648\u0627\u0631\u0627\u062a \u0646\u0633\u0627\u0626\u064a\u0629", "slug": "WomensAccessories", "description": "\u0627\u0643\u0633\u0633\u0648\u0627\u0631\u0627\u062a \u0646\u0633\u0627\u0626\u064a\u0629"}}, {"model": "product.categorylang", "pk": 12, "fields": {"category": 17, "lang": "ar", "title": "\u0645\u0644\u0627\u0628\u0633 \u0646\u0633\u0627\u0626\u064a\u0629", "keywords": "\u0645\u0644\u0627\u0628\u0633 \u0646\u0633\u0627\u0626\u064a\u0629", "slug": "WomensClothing", "description": "\u0645\u0644\u0627\u0628\u0633 \u0646\u0633\u0627\u0626\u064a\u0629"}}, {"model": "product.categorylang", "pk": 13, "fields": {"category": 10, "lang": "ar", "title": "\u0645\u0634\u063a\u0644 MP3", "keywords": "\u0645\u0634\u063a\u0644 MP3", "slug": "Mp3player", "description": "\u0645\u0634\u063a\u0644 MP3"}}, {"model": "product.categorylang", "pk": 14, "fields": {"category": 9, "lang": "ar", "title": "\u0627\u0644\u062a\u0644\u0641\u0632\u064a\u0648\u0646\u0627\u062a", "keywords": "\u0627\u0644\u062a\u0644\u0641\u0632\u064a\u0648\u0646\u0627\u062a", "slug": "Televisions", "description": "\u0627\u0644\u062a\u0644\u0641\u0632\u064a\u0648\u0646\u0627\u062a"}}, {"model": "product.categorylang", "pk": 15, "fields": {"category": 23, "lang": "ar", "title": "\u0627\u0644\u0645\u0648\u0627\u062f \u0627\u0644\u0645\u0643\u062a\u0628\u064a\u0629", "keywords": "\u0627\u0644\u0645\u0648\u0627\u062f \u0627\u0644\u0645\u0643\u062a\u0628\u064a\u0629", "slug": "Officematerials", "description": "\u0627\u0644\u0645\u0648\u0627\u062f \u0627\u0644\u0645\u0643\u062a\u0628\u064a\u0629"}}, {"model": "product.categorylang", "pk": 16, "fields": {"category": 13, "lang": "ar", "title": "Masa Telefonu", "keywords": "Masa Telefonu", "slug": "Desk-Phone", "description": "Masa Telefonu"}}, {"model": "product.categorylang", "pk": 17, "fields": {"category": 12, "lang": "ar", "title": "\u0627\u0644\u0647\u0648\u0627\u062a\u0641 \u0627\u0644\u0630\u0643\u064a\u0629", "keywords": "\u0627\u0644\u0647\u0648\u0627\u062a\u0641 \u0627\u0644\u0630\u0643\u064a\u0629", "slug": "Smart-phones", "description": "\u0627\u0644\u0647\u0648\u0627\u062a\u0641 \u0627\u0644\u0630\u0643\u064a\u0629"}}, {"model": "product.categorylang", "pk": 18, "fields": {"category": 14, "lang": "ar", "title": "\u0645\u0644\u062d\u0642\u0627\u062a \u0627\u0644\u0647\u0627\u062a\u0641", "keywords": "\u0645\u0644\u062d\u0642\u0627\u062a \u0627\u0644\u0647\u0627\u062a\u0641", "slug": "5000PhoneAccessories", "description": "\u0645\u0644\u062d\u0642\u0627\u062a \u0627\u0644\u0647\u0627\u062a\u0641"}}, {"model": "product.categorylang", "pk": 19, "fields": {"category": 14, "lang": "ar", "title": "\u0645\u0644\u062d\u0642\u0627\u062a \u0627\u0644\u0647\u0627\u062a\u0641", "keywords": "\u0645\u0644\u062d\u0642\u0627\u062a \u0627\u0644\u0647\u0627\u062a\u0641", "slug": "mulahaqat-alhatif", "description": "\u0645\u0644\u062d\u0642\u0627\u062a \u0627\u0644\u0647\u0627\u062a\u0641"}}, {"model": "product.categorylang", "pk": 20, "fields": {"category": 5, "lang": "ar", "title": "\u0627\u0644\u062d\u0627\u0633\u0648\u0628", "keywords": "\u0627\u0644\u062d\u0627\u0633\u0648\u0628", "slug": "alhasub", "description": "\u0627\u0644\u062d\u0627\u0633\u0648\u0628"}}, {"model": "product.categorylang", "pk": 21, "fields": {"category": 24, "lang": "ar", "title": "\u0628\u0644\u0627\u0637", "keywords": "\u0628\u0644\u0627\u0637", "slug": "blt", "description": "\u0628\u0644\u0627\u0637"}}, {"model": "product.categorylang", "pk": 22, "fields": {"category": 25, "lang": "ar", "title": "\u0628\u0648\u0631\u0633\u0644\u064a\u0646", "keywords": "\u0628\u0648\u0631\u0633\u0644\u064a\u0646", "slug": "borslyn", "description": "\u0628\u0648\u0631\u0633\u0644\u064a\u0646"}}, {"model": "home.language", "pk": 1, "fields": {"name": "English", "code": "en", "status": true, "create_at": "2020-05-25T23:51:18.407Z", "update_at": "2020-05-26T23:28:56.718Z"}}, {"model": "home.language", "pk": 2, "fields": {"name": "T\u00fcrk\u00e7e", "code": "tr", "status": false, "create_at": "2020-05-25T23:51:29.355Z", "update_at": "2020-11-27T04:09:32.872Z"}}, {"model": "home.language", "pk": 3, "fields": {"name": "P\u0443\u0441\u0441\u043a\u0438\u0439", "code": "ru", "status": false, "create_at": "2020-05-25T23:53:37.203Z", "update_at": "2020-11-25T12:04:20.067Z"}}, {"model": "home.language", "pk": 4, "fields": {"name": "\u0939\u093f\u0902\u0926\u0940 \u0926\u094d\u0935\u093e\u0930\u093e", "code": "hi", "status": false, "create_at": "2020-05-25T23:54:50.998Z", "update_at": "2020-11-25T12:03:43.501Z"}}, {"model": "home.language", "pk": 7, "fields": {"name": "\u0627\u0644\u0639\u0631\u0628\u064a\u0629", "code": "ar", "status": true, "create_at": "2020-11-25T17:22:22.530Z", "update_at": "2020-11-27T04:10:01.948Z"}}, {"model": "home.setting", "pk": 1, "fields": {"title": "BestBudy Shopping Center", "keywords": "BestBudy Shopping Center", "description": "BestBudy Shopping Center", "company": "BestBudy Shopping Center", "address": "Western Avenue Nr: 45, Albany, New York", "phone": "234567", "fax": "wertyu\u0131", "email": "info@bestbudy.com", "smtpserver": "smtp.bestbudy.com", "smtpemail": "info@bestbudy.com", "smtppassword": "23456y", "smtpport": "25", "icon": "", "facebook": "bestbudyco", "instagram": "bestbudyco", "twitter": "bestbudyco", "youtube": "bestbudyco", "aboutus": "<p><strong>1. What we are doing for employees</strong></p>\r\n\r\n<p><iframe id=\"YouTubeVideoPlayer-fa3f8c5941f8e4cff98100419f1202888\" src=\"https://www.youtube.com/embed/_D4XCX325cU?enablejsapi=1&amp;rel=0\"></iframe></p>\r\n\r\n<p>&nbsp;</p>\r\n\r\n<ul>\r\n\t<li>Our top concern is ensuring the health and safety of our employees, and we expect to invest approximately $4 billion from April to June on COVID-related initiatives getting products to customers and keeping employees safe. This includes&nbsp;<a href=\"https://blog.aboutamazon.com/company-news/how-amazon-prioritizes-health-and-safety-while-fulfilling-customer-orders\">spending more than $800 million</a>&nbsp;in the first half of the year on COVID-19 safety measures.</li>\r\n\t<li>We&#39;ve made over&nbsp;<a href=\"https://blog.aboutamazon.com/company-news/how-amazon-prioritizes-health-and-safety-while-fulfilling-customer-orders\">150 process updates</a>&mdash;from enhanced cleaning and social distancing measures to new efforts like disinfectant spraying.</li>\r\n\t<li>We&#39;ve distributed personal protective gear, such as&nbsp;<a href=\"https://blog.aboutamazon.com/company-news/getting-millions-of-masks-to-our-employees\">masks for our employees</a>, and implemented disinfectant spraying and&nbsp;<a href=\"https://blog.aboutamazon.com/company-news/how-amazon-prioritizes-health-and-safety-while-fulfilling-customer-orders\">temperature checks</a>&nbsp;across our operations worldwide.</li>\r\n\t<li>Someone diagnosed with COVID-19 will receive up to&nbsp;<a href=\"https://blog.aboutamazon.com/company-news/how-amazon-prioritizes-health-and-safety-while-fulfilling-customer-orders\" target=\"_blank\">two weeks of paid time off</a>&mdash;this is in addition to their other paid and unpaid time off options.</li>\r\n\t<li>We&#39;re working on building&nbsp;<a href=\"https://blog.aboutamazon.com/company-news/scalable-testing-for-coronavirus\">scalable testing for coronavirus</a>.</li>\r\n\t<li>Amazon employees receive&nbsp;<a href=\"https://blog.aboutamazon.com/company-news/how-amazon-prioritizes-health-and-safety-while-fulfilling-customer-orders\">comprehensive health benefits</a>&nbsp;starting on day one of employment.</li>\r\n\t<li>We&nbsp;<a href=\"https://blog.aboutamazon.com/company-news/how-amazon-prioritizes-health-and-safety-while-fulfilling-customer-orders\">increased pay</a>&nbsp;for hourly employees by $2 per hour in the U.S., C$2 per hour in Canada, and &euro;2 per hour in many EU countries.</li>\r\n\t<li>We&nbsp;<a href=\"https://blog.aboutamazon.com/company-news/how-amazon-prioritizes-health-and-safety-while-fulfilling-customer-orders\">doubled the regular hourly base pay</a>&nbsp;for every overtime hour worked and are offering extra time off with full pay for those diagnosed with COVID-19.</li>\r\n\t<li>We established a&nbsp;<a href=\"https://blog.aboutamazon.com/working-at-amazon/covid-19-update-more-ways-amazon-is-supporting-employees-and-contractors\">$25 million relief fund</a>&nbsp;for partners (e.g. delivery drivers) and seasonal associates facing financial hardship or quarantine.</li>\r\n</ul>\r\n\r\n<p>&nbsp;</p>\r\n\r\n<p><strong>2. What we are doing for customers</strong></p>\r\n\r\n<ul>\r\n\t<li>We&#39;re providing&nbsp;<a href=\"https://blog.aboutamazon.com/shopping/making-masks-available-to-whole-foods-market-customers-nationwide\">free masks</a>&nbsp;to all Whole Foods Market customers nationwide.</li>\r\n\t<li>We are&nbsp;<a href=\"https://blog.aboutamazon.com/company-news/how-amazon-is-helping-customers-get-groceries\">increasing capacity for grocery delivery</a>&nbsp;from Amazon Fresh and&nbsp;<a href=\"https://www.wholefoodsmarket.com/company-info/covid-19-response/how-we-are-serving-our-customers\" target=\"_blank\">Whole Foods Market</a>&nbsp;as quickly as possible.</li>\r\n\t<li>We&nbsp;<a href=\"https://blog.aboutamazon.com/company-news/new-ways-were-getting-groceries-to-people-during-the-covid-19-crisis\">enhanced cleaning</a>&nbsp;at all Whole Foods Market stores and now&nbsp;<a href=\"https://blog.aboutamazon.com/company-news/how-amazon-is-helping-customers-get-groceries\">open one hour early</a>&nbsp;for customers who are 60+ years old in the U.S. (70+ years old in the UK).</li>\r\n\t<li>We&#39;re reserving the first hour of grocery pickup at Whole Foods Market stores nationwide&nbsp;<a href=\"https://blog.aboutamazon.com/shopping/whole-foods-market-moves-at-risk-shoppers-to-the-front-of-the-line\">for customers 60 years and older</a>, those with disabilities, and those whom the CDC defines as high risk.</li>\r\n\t<li>Customers ordering delivery from Prime Now, Amazon Fresh, and Whole Foods Market can select&nbsp;<a href=\"https://blog.aboutamazon.com/company-news/how-amazon-is-helping-customers-get-groceries\">&quot;unattended delivery&quot;</a>&nbsp;during checkout.</li>\r\n\t<li>We&#39;re&nbsp;<a href=\"https://www.amazon.com/gp/help/customer/display.html?nodeId=GDFU3JS5AL6SYHRD&amp;_encoding=UTF8&amp;ref_=covid19_UPNAV_Gateway\" target=\"_blank\">focusing on high-priority items</a>&nbsp;to ensure the fastest delivery of household staples, medical supplies, and other high-demand products coming into our fulfillment centers.</li>\r\n\t<li>Customers ordering a scheduled delivery can select front-porch delivery during checkout. The delivery team will leave the item at your front door and you will not be required to sign for it. Until further notice, Amazon delivery teams will no longer enter homes or offices. In addition, all delivery vehicles and equipment are disinfected each day, and delivery devices and mobile phones are disinfected after each delivery appointment.</li>\r\n\t<li>We&#39;re vigorously&nbsp;<a href=\"https://blog.aboutamazon.com/company-news/price-gouging-has-no-place-in-our-stores\">combating price gouging</a>&nbsp;to help protect customers, help ensure fair pricing, and combat those seeking to profit off the COVID-19 crisis.</li>\r\n\t<li>Our Amazon and Alexa devices help keep customers stay&nbsp;<a href=\"https://blog.aboutamazon.com/devices/alexa-and-amazon-devices-covid-19-resources\">connected and informed</a>.</li>\r\n</ul>\r\n\r\n<p><strong>3. What we are doing for communities around the globe</strong></p>\r\n\r\n<ul>\r\n\t<li>We launched the&nbsp;<a href=\"https://blog.aboutamazon.com/innovation/aws-launches-initiative-to-accelerate-covid-19-diagnostics-research-and-testing\">$20 million AWS Diagnostic Initiative</a>&nbsp;to accelerate COVID-19 research.</li>\r\n\t<li>In Europe, we committed&nbsp;<a href=\"https://blog.aboutamazon.eu/community-engagement/amazon-donates-over-21-million-to-relief-organizations-across-europe-to-support-those-impacted-by-the-covid-19-crisis\">&euro;21 million (almost $23 million USD)</a>&nbsp;to support those most affected by the COVID-19 pandemic.</li>\r\n\t<li>Amazon CEO and Founder Jeff Bezos donated $100 million to&nbsp;<a href=\"https://www.feedingamerica.org/take-action/coronavirus\" target=\"_blank\">Feeding America</a>.</li>\r\n\t<li>We&#39;ve&nbsp;<a href=\"https://blog.aboutamazon.com/company-news/amazon-hiring-for-additional-75-000-jobs\">hired 175,000</a>&nbsp;additional full- and part-time employees.</li>\r\n\t<li>We&rsquo;re working with foodbanks in 25 cities across the country to&nbsp;<a href=\"https://blog.aboutamazon.com/community/delivering-6-million-meals-to-underserved-and-vulnerable-populations\" target=\"_blank\">deliver 6 million meals</a>&nbsp;to underserved and vulnerable populations.</li>\r\n\t<li>We&rsquo;re donating&nbsp;<a href=\"https://blog.aboutamazon.com/devices/amazon-donating-5-million-in-devices-globally\">$5 million in Amazon devices</a>&nbsp;globally to those in need.</li>\r\n\t<li>We&#39;re&nbsp;<a href=\"https://blog.aboutamazon.com/community/amazon-donates-8-200-laptops-to-seattle-public-schools-families\">donating 8,200 laptops</a>&nbsp;to Seattle Public Schools students who do not have access to a device at home.</li>\r\n\t<li>Through our Amazon Future Engineer program, we&#39;re&nbsp;<a href=\"https://blog.aboutamazon.com/community/laptops-donated-and-online-resources-provided-to-thousands-of-ap-computer-science-students\">donating 4,000 laptops</a>&nbsp;to high school students across the U.S. and making new online computer science resources, including exam prep, free.</li>\r\n</ul>\r\n\r\n<p>&nbsp;</p>\r\n\r\n<h2>Daily Updates</h2>\r\n\r\n<p>&nbsp;</p>\r\n\r\n<p>Continue checking here for updates about how we&#39;re supporting our employees, helping customers, aiding community relief, and furthering research during the COVID-19 pandemic.</p>\r\n\r\n<p><em>May 29</em><br />\r\n<strong>Amazon&rsquo;s support for food banks across America continues with a donation in Tennessee</strong><br />\r\nAmazon donated $25,000 to&nbsp;<a href=\"https://www.midsouthfoodbank.org/\" target=\"_blank\">Mid-South Food Bank</a>, a member of Feeding America. The food bank has seen a 300 percent increase in the need for food, as the COVID\u201119 pandemic has left thousands of people without jobs or stable incomes. The organization distributed more than 1 million pounds of food in March, and that number sharply increased to 4 million pounds in April. Amazon&rsquo;s donation will help meet the food needs of thousands of residents in Memphis and throughout the Mid-South region by providing 75,000 nutritious meals to the most vulnerable residents in a 31-county area.</p>\r\n\r\n<p><em>May 28</em><br />\r\n<strong>Amazon opens additional grocery store in California as online-only store to increase grocery delivery</strong><br />\r\nAs we continually work to increase grocery delivery to serve more people in our communities during this difficult time, Amazon has opened its grocery store in Irvine, California as a temporary online-only store, focused exclusively on fulfilling grocery delivery orders during the COVID\u201119 pandemic. With the stores in Woodland Hills and Irvine now open to focus on grocery delivery, we have increased delivery capacity and are able to serve tens of thousands more customers in these communities. Learn more about how we are&nbsp;<a href=\"https://blog.aboutamazon.com/company-news/how-amazon-is-helping-customers-get-groceries\">helping customers get groceries</a>.</p>\r\n\r\n<p><strong>Amazon offers 125,000 full-time jobs to seasonal employees</strong><br />\r\nAmazon will convert 125,000 of the 175,000 temporary jobs hired since March to permanent roles if employees would like to stay at Amazon long term. Regular, full-time roles at Amazon come with a comprehensive benefits package starting on day one, a minimum wage of at least $15 an hour, and access to training programs like&nbsp;<a href=\"https://www.aboutamazon.com/amazon-fulfillment/working-here/career-choice\">Career Choice</a>&nbsp;that make it easier to springboard into a different career at Amazon or other companies. We hope the option for many people to stay at Amazon will help alleviate some of the ongoing burden of unemployment in communities across the U.S. as we work together to fight through this COVID-19 crisis.&nbsp;<a href=\"https://blog.aboutamazon.com/operations/amazon-offering-125-000-full-time-jobs-to-seasonal-employees\">Read more</a>.</p>", "contact": "<h3>Undergraduate Admissions</h3>\r\n\r\n<p>For information sessions and campus tours:</p>\r\n\r\n<p><strong>Bonomi Family Admissions Center</strong><br />\r\n27 West Fourth Street<br />\r\nNew York, NY 10003<br />\r\n212.998.4550<br />\r\nWeekdays: 9:00 AM to 5:00 PM<br />\r\nSaturday: 10:00 AM to 4:00 PM</p>\r\n\r\n<p>For questions about admissions and to mail application materials:</p>\r\n\r\n<p>383 Lafayette Street<br />\r\nNew York, NY 10003 USA<br />\r\n212.998.4500<br />\r\n<a href=\"mailto:admissions.ops@nyu.edu\" target=\"_blank\">admissions.ops@nyu.edu</a></p>\r\n\r\n<h3>Graduate Admissions</h3>\r\n\r\n<p>212.992.4723<br />\r\n<a href=\"mailto:gradadmissions@nyu.edu\" target=\"_blank\">gradadmissions@nyu.edu</a><br />\r\nContact via chat:&nbsp;<a href=\"http://nyu.edu/gradadmissions/\">Graduate Admissions</a></p>\r\n\r\n<h3>Center for Student Life</h3>\r\n\r\n<p>60 Washington Square South, Suite 210<br />\r\nNew York, NY 10012<br />\r\n212.998.4411</p>\r\n\r\n<h3>Financial Aid, Registrar, and Bursar</h3>\r\n\r\n<h4>Speak to a Counselor</h4>\r\n\r\n<p><strong>StudentLink Center (Manhattan)</strong><br />\r\n383 Lafayette Street<br />\r\nNew York, NY 10003</p>\r\n\r\n<p><strong>StudentLink Center (Brooklyn)</strong><br />\r\n5 MetroTech Center, Suite 201<br />\r\nBrooklyn, NY 11201</p>\r\n\r\n<h5>Phone or Email</h5>\r\n\r\n<p>Financial Aid Number: 212.998.4444<br />\r\n<a href=\"mailto:financial.aid@nyu.edu\">financial.aid@nyu.edu</a></p>\r\n\r\n<p>Registrar General Number: 212.998.4800<br />\r\n<a href=\"mailto:registrar@nyu.edu\">registrar@nyu.edu</a></p>\r\n\r\n<p>Bursar General Number: 212.998.2806<br />\r\n<a href=\"mailto:registrar@nyu.edu\">bursar.studentaccounts@nyu.edu</a></p>\r\n\r\n<h3>Student Health Center</h3>\r\n\r\n<p>726 Broadway, 3rd and 4th Floors<br />\r\nNew York, NY 10003<br />\r\n212.443.1000<br />\r\n<a href=\"mailto:health.center@nyu.edu\">health.center@nyu.edu</a></p>\r\n\r\n<p><a href=\"https://www.nyu.edu/footer/contact-us.html#top\">Back to Top ^</a></p>", "references": "<p>References</p>", "status": "True", "create_at": "2020-04-18T01:17:01.864Z", "update_at": "2020-05-31T01:41:55.516Z"}}, {"model": "home.settinglang", "pk": 1, "fields": {"setting": 1, "lang": "tr", "title": "BestBuy Al\u0131\u015fveri\u015f Merkezi", "keywords": "BestBuy Al\u0131\u015fveri\u015f Merkezi", "description": "BestBuy Al\u0131\u015fveri\u015f Merkezi", "aboutus": "<p>T&uuml;m sorular\u0131n\u0131z i&ccedil;in bize&nbsp;<a href=\"https://www.amazon.com.tr/contact-us\" target=\"_self\">https://www.amazon.com.tr/iletisim</a>sayfas\u0131ndan e-posta g&ouml;nderebilir veya+ 90 850 390 21 53 telefon numaras\u0131ndan ula\u015fabilirsiniz. Hesap g&uuml;venli\u011fi nedeniyle, M&uuml;\u015fteri Hizmetleri temsilcilerimizin yaln\u0131zca ilgili hesap sahibinden gelen taleplere yard\u0131mc\u0131 olabilece\u011fini l&uuml;tfen unutmay\u0131n. Size daha iyi hizmet verebilmemiz i&ccedil;in, hesapta kay\u0131tl\u0131 telefon numaras\u0131ndan bizimle ileti\u015fime ge&ccedil;melisiniz. Ayr\u0131ca, m&uuml;\u015fteri hesab\u0131n\u0131z\u0131n do\u011frulanabilmesi i&ccedil;in hesab\u0131n\u0131za kay\u0131tl\u0131 posta kodunuz ve adresiniz ba\u015fta olmak &uuml;zere, gerekli t&uuml;m verileri l&uuml;tfen yan\u0131n\u0131zda haz\u0131r bulundurun.</p>\r\n\r\n<p>Yasalar\u0131n ihlali bildirimi i&ccedil;in l&uuml;tfen&nbsp;<a href=\"https://www.amazon.com.tr/gp/help/customer/display.html?nodeId=202024830\" target=\"_self\">https://www.amazon.com.tr/gp/help/customer/display.html?nodeId=202024830</a>&nbsp;ba\u011flant\u0131s\u0131nda yer alan formu doldurarak bize ula\u015f\u0131n.</p>\r\n\r\n<p><strong>Ba\u011fl\u0131 Oldu\u011fu Odalar:</strong></p>\r\n\r\n<p>\u0130stanbul Ticaret Odas\u0131</p>\r\n\r\n<p><a name=\"GUID-AF06BC07-1DFF-4379-A4D5-B968560AEA5C__SECTION_EF288EF9552B44188AACA78FABF4CDEC\"></a></p>\r\n\r\n<p><strong>Amazon Turkey Perakende Hizmetleri Limited \u015eirketi (&ldquo;Amazon Taraf\u0131ndan Sat\u0131l\u0131r ve G&ouml;nderilir&rdquo; ibaresi bulunan &uuml;r&uuml;nlerin sat\u0131c\u0131s\u0131)</strong></p>\r\n\r\n<p><strong>Merkez adresi:</strong>&nbsp;Esentepe Mahallesi Bahar Sokak No: 13/52 \u015ei\u015fli, \u0130stanbul</p>\r\n\r\n<p>Amazon.com.tr taraf\u0131ndan g&ouml;nderilmedi\u011fini d&uuml;\u015f&uuml;nd&uuml;\u011f&uuml;n&uuml;z bir e-posta iletisi alman\u0131z halinde l&uuml;tfen bize bildirin. Bu tarz e-posta iletilerini nas\u0131l bize bildirebilece\u011finiz ve \u015f&uuml;pheli e-postalar ve kimlik av\u0131 hakk\u0131nda daha fazla bilgi i&ccedil;in l&uuml;tfen&nbsp;<a href=\"https://www.amazon.com.tr/gp/help/customer/display.html/?nodeId=201909130\" target=\"_self\">Yard\u0131m sayfalar\u0131m\u0131za</a>&nbsp;ba\u015fvurun.</p>\r\n\r\n<p>Amazon.com.tr, Pazaryeri arac\u0131l\u0131\u011f\u0131yla kurulan s&ouml;zle\u015fmelerin taraf\u0131 de\u011fildir. Pazaryeri i\u015flemlerinin taraflar\u0131n\u0131n aralar\u0131nda &ccedil;\u0131kabilecek uyu\u015fmazl\u0131klar\u0131 kendi aralar\u0131nda &ccedil;&ouml;zmeleri gerekmektedir.</p>", "contact": "<h2>\u0130leti\u015fim Bilgileri</h2>\r\n\r\n<p><strong>Amazon Europe Core S.&agrave; r.l. (amazon.com.tr internet sayfas\u0131n\u0131n teknik i\u015fleyi\u015fi)</strong></p>\r\n\r\n<p>Amazon Europe Core S.&agrave; r.l. (Soci&eacute;t&eacute; &agrave; responsabilit&eacute; limit&eacute;e), 38 Avenue John F. Kennedy, L-1855 L&uuml;ksemburg</p>\r\n\r\n<p><a name=\"GUID-AF06BC07-1DFF-4379-A4D5-B968560AEA5C__SECTION_7A7E0155FBB840FD917BCD1B93E4DBCC\"></a></p>\r\n\r\n<p><strong>Amazon Turkey Perakende Hizmetleri Limited \u015eirketi (&ldquo;Amazon Taraf\u0131ndan Sat\u0131l\u0131r ve G&ouml;nderilir&rdquo; ibaresi bulunan &uuml;r&uuml;nlerin sat\u0131c\u0131s\u0131)</strong></p>\r\n\r\n<p><strong>Merkez adresi:</strong>&nbsp;Esentepe Mahallesi Bahar Sokak No: 13/52 \u015ei\u015fli, \u0130stanbul</p>\r\n\r\n<p><strong>MERSIS numaras\u0131:</strong>&nbsp;006809722880001</p>\r\n\r\n<p><strong>Ticaret Sicil No:</strong>&nbsp;91626 / 5</p>\r\n\r\n<p><strong>KEP:</strong>&nbsp;amazonturkey.retail@hs01.kep.tr</p>", "references": ""}}, {"model": "home.settinglang", "pk": 2, "fields": {"setting": 1, "lang": "ar", "title": "\u0623\u0641\u0636\u0644 \u0645\u0631\u0643\u0632 \u062a\u0633\u0648\u0642 \u0634\u0631\u0627\u0621", "keywords": "\u0623\u0641\u0636\u0644 \u0645\u0631\u0643\u0632 \u062a\u0633\u0648\u0642 \u0634\u0631\u0627\u0621", "description": "\u0623\u0641\u0636\u0644 \u0645\u0631\u0643\u0632 \u062a\u0633\u0648\u0642 \u0634\u0631\u0627\u0621", "aboutus": "<pre>\r\n<span style=\"font-size:16px\"><span style=\"color:#2ecc71\"><span style=\"background-color:#ffffff\">\u0644\u062c\u0645\u064a\u0639 \u0623\u0633\u0626\u0644\u062a\u0643 \u060c \u064a\u0645\u0643\u0646\u0643 \u0625\u0631\u0633\u0627\u0644 \u0628\u0631\u064a\u062f \u0625\u0644\u0643\u062a\u0631\u0648\u0646\u064a \u0625\u0644\u064a\u0646\u0627 \u0639\u0644\u0649 \u0623\u0648 \u0627\u0644\u0627\u062a\u0635\u0627\u0644 \u0628\u0646\u0627 \u0639\u0644\u0649\r\n+ 90850390 21 53. \u064a\u0631\u062c\u0649 \u0645\u0644\u0627\u062d\u0638\u0629 \u0623\u0646\u0647 \u0644\u0623\u0633\u0628\u0627\u0628 \u062a\u062a\u0639\u0644\u0642 \u0628\u0623\u0645\u0627\u0646 \u0627\u0644\u062d\u0633\u0627\u0628 \u060c \u064a\u0645\u0643\u0646 \u0644\u0645\u0645\u062b\u0644\u064a \u062e\u062f\u0645\u0629 \u0627\u0644\u0639\u0645\u0644\u0627\u0621 \u0644\u062f\u064a\u0646\u0627 \u0641\u0642\u0637 \u0645\u0633\u0627\u0639\u062f\u0629\r\n\u0627\u0644\u0637\u0644\u0628\u0627\u062a \u0645\u0646 \u0635\u0627\u062d\u0628 \u0627\u0644\u062d\u0633\u0627\u0628 \u0627\u0644\u0645\u0639\u0646\u064a. \u062d\u062a\u0649 \u0646\u062a\u0645\u0643\u0646 \u0645\u0646 \u062e\u062f\u0645\u062a\u0643 \u0628\u0634\u0643\u0644 \u0623\u0641\u0636\u0644 \u060c \u064a\u062c\u0628 \u0639\u0644\u064a\u0643 \u0627\u0644\u0627\u062a\u0635\u0627\u0644 \u0628\u0646\u0627\r\n\u0639\u0644\u0649 \u0631\u0642\u0645 \u0627\u0644\u0647\u0627\u062a\u0641 \u0627\u0644\u0645\u0633\u062c\u0644 \u0641\u064a \u0627\u0644\u062d\u0633\u0627\u0628. \u0628\u0627\u0644\u0625\u0636\u0627\u0641\u0629 \u0625\u0644\u0649 \u0630\u0644\u0643 \u060c \u064a\u0631\u062c\u0649\r\n\u0627\u0644\u0627\u062d\u062a\u0641\u0627\u0638 \u0628\u062c\u0645\u064a\u0639 \u0627\u0644\u0628\u064a\u0627\u0646\u0627\u062a \u0627\u0644\u0636\u0631\u0648\u0631\u064a\u0629 \u0645\u0639\u0643 \u060c \u0648\u062e\u0627\u0635\u0629 \u0627\u0644\u0631\u0645\u0632\r\n \u0627\u0644\u0628\u0631\u064a\u062f\u064a \u0627\u0644\u0645\u0633\u062c\u0644 \u0648\u0627\u0644\u0639\u0646\u0648\u0627\u0646 \u060c \u0645\u0646 \u0623\u062c\u0644 \u0627\u0644\u062a\u062d\u0642\u0642 \u0645\u0646 \u062d\u0633\u0627\u0628 \u0627\u0644\u0639\u0645\u064a\u0644 \u0627\u0644\u062e\u0627\u0635 \u0628\u0643.</span></span></span></pre>", "contact": "<p>\u0627\u062a\u0635\u0644 \u0628\u0646\u0627</p>", "references": ""}}, {"model": "home.contactmessage", "pk": 1, "fields": {"name": "yuksel", "email": "test@gmail.com", "subject": "aaaaaaaaa", "message": "sdsfdfsdfs", "status": "New", "ip": "127.0.0.1", "note": "", "create_at": "2020-05-27T00:48:33.919Z", "update_at": "2020-05-27T00:48:33.919Z"}}, {"model": "home.faq", "pk": 1, "fields": {"lang": "en", "ordernumber": 5, "question": "What is Besbudy.com?", "answer": "<p>Amazon.com is a leading online retailer of products that inform, educate, and inspire. The Amazon group also has stores in the Canada, Germany, France, Japan and United Kingdom. Because we exist &quot;virtually&quot; on the Web, we have unlimited shelf space and can offer a selection of over 17 million titles including over 13 million Book titles and over 1 million music titles. Compare that to a typical physical-world book superstore, which carries around 170,000 books, or a typical physical-world music superstore, which carries around 34,000 CDs.</p>", "status": "True", "create_at": "2020-05-15T23:45:21.689Z", "update_at": "2020-06-05T23:49:01.769Z"}}, {"model": "home.faq", "pk": 2, "fields": {"lang": "en", "ordernumber": 10, "question": "Why do I encounter various availability listings on your site?", "answer": "<p>Titles have different availabilities simply due to their demand, proximity, and availability to Amazon.com. We also source our products from various distributors. The availability on products we obtain from distributors may vary according to whether the distributor has the product in stock or not. If a title is listed as out of stock or unavailable, it means that it is not currently available to Amazon.com or not in stock through our distribution channels. However, you may still be able to sell out of stock items through our Marketplace feature.</p>", "status": "True", "create_at": "2020-05-15T23:45:43.786Z", "update_at": "2020-06-05T23:49:10.745Z"}}, {"model": "home.faq", "pk": 3, "fields": {"lang": "en", "ordernumber": 15, "question": "What does the sales rank mean?", "answer": "<p>Our sales rank is just like a bestseller list, except instead of listing just the top 50 or so titles, it includes millions! The lower the number, the higher the popularity for that particular title in comparison to other items listed. Items are ranked within their product category only, so a book, CD or DVD ranked at Number 1 is the best-selling book, CD or DVD at Amazon.com, but may not be the overall best-selling item. Sales rank data is calculated hourly. While we cannot provide specific information about our calculation formula, Amazon.com Marketplace sales are also included in the calculation. Please keep in mind that our sales rank figures are simply meant to be a guide of general interest for the customer and not definitive sales information for vendors - we assume you have this information regularly from your distribution sources.</p>", "status": "True", "create_at": "2020-05-15T23:46:02.486Z", "update_at": "2020-06-05T23:48:42.309Z"}}, {"model": "home.faq", "pk": 4, "fields": {"lang": "en", "ordernumber": 20, "question": "How do I find sales information for my title?", "answer": "<p>We don&#39;t provide sales information to vendors at this time due to the competitive nature of our business. It is recommended that authors/artists/actors contact their publisher/label/studio, or publishers/labels/studios contact their distributors, for more information concerning the sales of their titles.</p>", "status": "True", "create_at": "2020-05-15T23:46:24.974Z", "update_at": "2020-06-05T23:48:51.720Z"}}, {"model": "home.faq", "pk": 5, "fields": {"lang": "en", "ordernumber": 25, "question": "How do I promote my titles at Besbudy.com?", "answer": "<p>At Amazon.com, it&#39;s up to you to make your titles stand out on our virtual shelves. You have the opportunity, using descriptive content and images, to personally hand-sell your titles to customers and persuade them to purchase. Following are the most important pieces of information you can add to your product detail page.</p>", "status": "True", "create_at": "2020-05-15T23:46:55.641Z", "update_at": "2020-06-05T23:48:33.195Z"}}, {"model": "home.faq", "pk": 6, "fields": {"lang": "en", "ordernumber": 30, "question": "Sample Question?", "answer": "<p>Generally, to qualify for head of household filing status, you must have a qualifying child or a dependent. However, a custodial parent may be eligible to claim head of household filing status based on a child even if he or she released a claim to exemption for the child. See&nbsp;<a href=\"https://www.irs.gov/faqs/filing-requirements-status-dependents/filing-status/filing-status-3\" title=\"Noncustodial parent is claiming an exemption for my child; do I still qualify as head of household?\">Noncustodial parent is claiming an exemption for my child; do I still qualify as head of household?</a></p>\r\n\r\n<h4>Additional Information:</h4>\r\n\r\n<ul>\r\n\t<li><a href=\"https://www.irs.gov/help/ita/what-is-my-filing-status\">What Is My Filing Status?</a></li>\r\n\t<li><a href=\"https://www.irs.gov/publications/p501\">Publication 501, Dependents, Standard Deduction and Filing Information</a></li>\r\n</ul>\r\n\r\n<h4>Subcategory:</h4>\r\n\r\n<p><a href=\"https://www.irs.gov/faqs/filing-requirements-status-dependents/filing-status\">Filing Status</a></p>\r\n\r\n<h4>Category:</h4>\r\n\r\n<p><a href=\"https://www.irs.gov/faqs/filing-requirements-status-dependents\">Filing Requirements, Status, Dependents</a></p>", "status": "True", "create_at": "2020-05-16T00:51:51.612Z", "update_at": "2020-06-05T23:48:23.820Z"}}, {"model": "home.faq", "pk": 7, "fields": {"lang": "tr", "ordernumber": 5, "question": "Amazon\u2019da Sat\u0131\u015f nedir?", "answer": "<p>Amazon&#39;da Sat\u0131\u015f (Sell on Amazon), sat\u0131c\u0131lar\u0131n &uuml;r&uuml;nlerini ve envanterini Amazon&rsquo;da satmalar\u0131n\u0131 sa\u011flayan bir programd\u0131r.</p>", "status": "True", "create_at": "2020-05-31T01:15:08.109Z", "update_at": "2020-05-31T01:15:08.109Z"}}, {"model": "home.faq", "pk": 8, "fields": {"lang": "tr", "ordernumber": 10, "question": "Amazon.com.tr\u2019de kimler sat\u0131\u015f yapabilir?", "answer": "<p>Ge&ccedil;erli bir \u015firket sicil numaras\u0131, T&uuml;rkiye vergi numaras\u0131, e-posta hesab\u0131, banka hesab\u0131 ve kredi kart\u0131 kullanan herhangi bir \u015firket Amazon&rsquo;da sat\u0131\u015f yapabilir. \u015eah\u0131s \u015firketi sahiplerinin T.C. kimlik numaralar\u0131n\u0131n yan\u0131 s\u0131ra vergi levhalar\u0131nda yazan \u015firket vergi numaralar\u0131n\u0131 da yazmalar\u0131 gerekmektedir.<br />\r\n<br />\r\nKredi kart\u0131, Sat\u0131c\u0131 hesap bakiyen yeterli olmad\u0131\u011f\u0131 zamanlarda Amazon sat\u0131\u015f &uuml;cretlerini tahsil etmek i&ccedil;in kullan\u0131l\u0131r.</p>", "status": "True", "create_at": "2020-05-31T01:15:28.069Z", "update_at": "2020-05-31T01:15:28.070Z"}}, {"model": "home.faq", "pk": 9, "fields": {"lang": "tr", "ordernumber": 15, "question": "Amazon.com.tr'de hangi \u00fcr\u00fcnleri satabilirim?", "answer": "<p>A\u015fa\u011f\u0131daki kategorilerde &uuml;r&uuml;nlerini satabilirsin: Bilgisayar, Bebek &Uuml;r&uuml;nleri, Elektronik &Uuml;r&uuml;nler ve Aksesuarlar, Ev ve Mutfak &Uuml;r&uuml;nleri, Ev E\u011flence Sistemleri, Ev Gere&ccedil;leri ve Dekorasyon, Foto\u011fraf Makinesi ve Foto\u011fraf&ccedil;\u0131l\u0131k &Uuml;r&uuml;nleri, Kitap, Ki\u015fisel Bak\u0131m Aletleri, Ofis &Uuml;r&uuml;nleri, Oyun Konsollar\u0131 ve Oyunlar\u0131, Oyuncak &amp; &Ccedil;ocuk Oyunlar\u0131, Spor ve Outdoor &Uuml;r&uuml;nleri, Telefon ve Aksesuarlar\u0131, Giyim ve Ayakkab\u0131<br />\r\n<br />\r\nAmazon m&uuml;\u015fterilerinin g&uuml;venle al\u0131\u015fveri\u015f yapmalar\u0131n\u0131 istiyoruz. Bu y&uuml;zden; kalite standartlar\u0131n\u0131n sa\u011flanmas\u0131, m&uuml;\u015fteri memnuniyetinin artmas\u0131 i&ccedil;in baz\u0131 kategorilerdeki baz\u0131 &uuml;r&uuml;nler i&ccedil;in Amazon.com.tr&#39;de sat\u0131\u015fa ba\u015flamadan &ouml;nce onay alman gerekebilir. &Uuml;r&uuml;n listelerken onay gerektiren bir &uuml;r&uuml;ne denk geldi\u011finde sistem senden gerekli bilgileri girmeni isteyecektir.</p>", "status": "True", "create_at": "2020-05-31T01:15:53.217Z", "update_at": "2020-05-31T01:15:53.217Z"}}, {"model": "home.faq", "pk": 10, "fields": {"lang": "tr", "ordernumber": 20, "question": "Nas\u0131l \u00f6deme al\u0131r\u0131m?", "answer": "<p>Amazon hesab\u0131na ilk &ouml;deme, kay\u0131t olduktan 14 g&uuml;n sonra yap\u0131l\u0131r. Takip eden s&uuml;re&ccedil;te &ouml;demelerini 14 g&uuml;nl&uuml;k periyotlar halinde al\u0131rs\u0131n. Transfer ger&ccedil;ekle\u015ftikten sonra 5 i\u015f g&uuml;n&uuml; i&ccedil;inde para hesab\u0131na ge&ccedil;er.<br />\r\n<br />\r\n&Ouml;demenin ger&ccedil;ekle\u015fmesi i&ccedil;in:<br />\r\n-Amazon hesab\u0131n\u0131n s\u0131f\u0131r\u0131n alt\u0131nda olmamas\u0131 gerekiyor. Komisyon oranlar\u0131, i\u015flem bedelleri, para iadeleri, m&uuml;\u015fteri \u015fikayetleri hesab\u0131n\u0131n durumunu etkileyebilir.<br />\r\n-Sat\u0131c\u0131 hesab\u0131ndaki banka bilgileri k\u0131sm\u0131n\u0131n dolu olmas\u0131 gerekir.</p>", "status": "True", "create_at": "2020-05-31T01:16:15.551Z", "update_at": "2020-05-31T01:16:15.551Z"}}, {"model": "contenttypes.contenttype", "pk": 1, "fields": {"app_label": "product", "model": "category"}}, {"model": "contenttypes.contenttype", "pk": 2, "fields": {"app_label": "admin", "model": "logentry"}}, {"model": "contenttypes.contenttype", "pk": 3, "fields": {"app_label": "auth", "model": "permission"}}, {"model": "contenttypes.contenttype", "pk": 4, "fields": {"app_label": "auth", "model": "group"}}, {"model": "contenttypes.contenttype", "pk": 5, "fields": {"app_label": "auth", "model": "user"}}, {"model": "contenttypes.contenttype", "pk": 6, "fields": {"app_label": "contenttypes", "model": "contenttype"}}, {"model": "contenttypes.contenttype", "pk": 7, "fields": {"app_label": "sessions", "model": "session"}}, {"model": "contenttypes.contenttype", "pk": 8, "fields": {"app_label": "product", "model": "product"}}, {"model": "contenttypes.contenttype", "pk": 9, "fields": {"app_label": "product", "model": "images"}}, {"model": "contenttypes.contenttype", "pk": 10, "fields": {"app_label": "home", "model": "contactmessage"}}, {"model": "contenttypes.contenttype", "pk": 11, "fields": {"app_label": "home", "model": "setting"}}, {"model": "contenttypes.contenttype", "pk": 12, "fields": {"app_label": "product", "model": "comment"}}, {"model": "contenttypes.contenttype", "pk": 13, "fields": {"app_label": "order", "model": "shopcart"}}, {"model": "contenttypes.contenttype", "pk": 14, "fields": {"app_label": "home", "model": "userprofile"}}, {"model": "contenttypes.contenttype", "pk": 15, "fields": {"app_label": "user", "model": "userprofile"}}, {"model": "contenttypes.contenttype", "pk": 16, "fields": {"app_label": "order", "model": "order"}}, {"model": "contenttypes.contenttype", "pk": 17, "fields": {"app_label": "order", "model": "orderproduct"}}, {"model": "contenttypes.contenttype", "pk": 18, "fields": {"app_label": "home", "model": "faq"}}, {"model": "contenttypes.contenttype", "pk": 19, "fields": {"app_label": "product", "model": "color"}}, {"model": "contenttypes.contenttype", "pk": 20, "fields": {"app_label": "product", "model": "size"}}, {"model": "contenttypes.contenttype", "pk": 21, "fields": {"app_label": "product", "model": "variations"}}, {"model": "contenttypes.contenttype", "pk": 22, "fields": {"app_label": "product", "model": "variants"}}, {"model": "contenttypes.contenttype", "pk": 23, "fields": {"app_label": "home", "model": "currency"}}, {"model": "contenttypes.contenttype", "pk": 24, "fields": {"app_label": "home", "model": "language"}}, {"model": "contenttypes.contenttype", "pk": 25, "fields": {"app_label": "product", "model": "productlang"}}, {"model": "contenttypes.contenttype", "pk": 26, "fields": {"app_label": "product", "model": "categorylang"}}, {"model": "contenttypes.contenttype", "pk": 27, "fields": {"app_label": "home", "model": "settinglang"}}, {"model": "contenttypes.contenttype", "pk": 28, "fields": {"app_label": "currencies", "model": "currency"}}, {"model": "contenttypes.contenttype", "pk": 29, "fields": {"app_label": "user", "model": "userprofilex"}}, {"model": "sessions.session", "pk": "02n0xw8qjpeksi8ne6o35hc8fuu5w5tu", "fields": {"session_data": "N2M2ZDFkMzc2OTU3NDZiZjU4N2UyYTVjNWUyNzZjMTA3NTdjNTg5NTp7Il9sYW5ndWFnZSI6InRyIn0=", "expire_date": "2020-06-09T19:53:32.037Z"}}, {"model": "sessions.session", "pk": "0789c9q8h2gw6s6pvd1vq07qy3qrcwpy", "fields": {"session_data": "ZDgyMjNmZjBhYTRhYTZkYmFmYjczODY4OWE5ZDgyYWEwYWJmOTUzNjp7Il9hdXRoX3VzZXJfaWQiOiIxIiwiX2F1dGhfdXNlcl9iYWNrZW5kIjoiZGphbmdvLmNvbnRyaWIuYXV0aC5iYWNrZW5kcy5Nb2RlbEJhY2tlbmQiLCJfYXV0aF91c2VyX2hhc2giOiJjN2ZmMWRiZjEzMjcyMTY0NTgzZDRiYjE4ZWIwYTBkMWQyN2NhMDc5In0=", "expire_date": "2020-05-03T01:26:48.613Z"}}, {"model": "sessions.session", "pk": "0f397aqopopqgp3bco4orbr135gyegv0", "fields": {"session_data": "OWE4Mjg2MDgxNDczNzE2ZGYwNWQ2MmNlYmE2MTc2OTI2ODIwZDliODp7ImN1cnJlbmN5IjoiVVNEIiwic2Vzc2lvbi5jdXJyZW5jeV9jb2RlIjoiU0FSIiwiX2xhbmd1YWdlIjoiZW4iLCJfYXV0aF91c2VyX2lkIjoiMSIsIl9hdXRoX3VzZXJfYmFja2VuZCI6ImRqYW5nby5jb250cmliLmF1dGguYmFja2VuZHMuTW9kZWxCYWNrZW5kIiwiX2F1dGhfdXNlcl9oYXNoIjoiNjdjOWEwZmIxMTg2NzE0NjI2MzBjN2JjZTQ1NDUyYzY4MTdkZTc4NiJ9", "expire_date": "2020-12-16T12:34:29.157Z"}}, {"model": "sessions.session", "pk": "0ionlfb6dae9nmvxuq2ia33j17ui9vpu", "fields": {"session_data": "NDY0ZTdjZjc5NzkxM2M2NDVlODk3ZDZlNDIyODEwMDU4N2Q3OTYzMjp7InNlc3Npb24uY3VycmVuY3lfY29kZSI6IlVTRCJ9", "expire_date": "2020-12-11T03:55:43.861Z"}}, {"model": "sessions.session", "pk": "0y1h8cdvazmzvxmtd7cnaqlpqwdi6kxf", "fields": {"session_data": "MzQwMWE4MDQ0ZmM4NDc1Njc3ZGI2ZTQwZTUyYTliNmI2NGNhYmM5ZDp7ImN1cnJlbmN5IjoiU0FSIiwic2Vzc2lvbi5jdXJyZW5jeV9jb2RlIjoiU0FSIiwiX2xhbmd1YWdlIjoiYXIiLCJfYXV0aF91c2VyX2lkIjoiOSIsIl9hdXRoX3VzZXJfYmFja2VuZCI6ImRqYW5nby5jb250cmliLmF1dGguYmFja2VuZHMuTW9kZWxCYWNrZW5kIiwiX2F1dGhfdXNlcl9oYXNoIjoiOWE2OGU3NDdlZjRjZmQ4ODQ3MzBiMzM2YmY2Yzg0OGM4NWI5ZTk3ZCIsInVzZXJpbWFnZSI6Ii91cGxvYWRzL2ltYWdlcy91c2Vycy91c2VyLnBuZyJ9", "expire_date": "2020-12-14T11:59:32.169Z"}}, {"model": "sessions.session", "pk": "2nqhhuvc28znay17ih1cf6wd0unohwmn", "fields": {"session_data": "ZDgyMjNmZjBhYTRhYTZkYmFmYjczODY4OWE5ZDgyYWEwYWJmOTUzNjp7Il9hdXRoX3VzZXJfaWQiOiIxIiwiX2F1dGhfdXNlcl9iYWNrZW5kIjoiZGphbmdvLmNvbnRyaWIuYXV0aC5iYWNrZW5kcy5Nb2RlbEJhY2tlbmQiLCJfYXV0aF91c2VyX2hhc2giOiJjN2ZmMWRiZjEzMjcyMTY0NTgzZDRiYjE4ZWIwYTBkMWQyN2NhMDc5In0=", "expire_date": "2020-03-25T18:20:27.808Z"}}, {"model": "sessions.session", "pk": "2sovl1yl5egpfvboxjgkbwvaovfiiaex", "fields": {"session_data": "ODNlZTYzMjkxMGQzMWQ1Y2Y2MGE5NDI2NmQ4MzU4NGEzNjc3NzNkNTp7ImN1cnJlbmN5IjoiVVNEIiwic2Vzc2lvbi5jdXJyZW5jeV9jb2RlIjoiVVNEIiwiX2F1dGhfdXNlcl9pZCI6IjEiLCJfYXV0aF91c2VyX2JhY2tlbmQiOiJkamFuZ28uY29udHJpYi5hdXRoLmJhY2tlbmRzLk1vZGVsQmFja2VuZCIsIl9hdXRoX3VzZXJfaGFzaCI6IjY3YzlhMGZiMTE4NjcxNDYyNjMwYzdiY2U0NTQ1MmM2ODE3ZGU3ODYiLCJ1c2VyaW1hZ2UiOiIvdXBsb2Fkcy9pbWFnZXMvdXNlcnMvdmVzaWthbGlrX0JUb09oRjQuanBnIiwiX2xhbmd1YWdlIjoiZW4ifQ==", "expire_date": "2020-12-10T21:00:35.711Z"}}, {"model": "sessions.session", "pk": "2zq9vwccwga562njlcxffplctvmvdz1h", "fields": {"session_data": "NjgyODkyZmFhMWExYTYyMTViNWFjOTkzMDA1ZmE0MWI3YTI5MzljMTp7ImN1cnJlbmN5IjoiVVNEIiwic2Vzc2lvbi5jdXJyZW5jeV9jb2RlIjoiVVNEIn0=", "expire_date": "2020-12-10T23:09:04.901Z"}}, {"model": "sessions.session", "pk": "3sxj91p2e1l0lglqmv4ia3rs7eg7uojm", "fields": {"session_data": "YTUzZDg2NTgzY2Q0OTY1ZmFhZDk4ZDVjZTJkMzNlZmQ3ZGY2MGNmZTp7InNlc3Npb24uY3VycmVuY3lfY29kZSI6IlNBUiIsIl9hdXRoX3VzZXJfaWQiOiIxMSIsIl9hdXRoX3VzZXJfYmFja2VuZCI6ImRqYW5nby5jb250cmliLmF1dGguYmFja2VuZHMuTW9kZWxCYWNrZW5kIiwiX2F1dGhfdXNlcl9oYXNoIjoiN2UwNmFmMzg3NDRiMmQ4MGVhNmIzODhlZjk0ZmQ3OWZhNzY5ODZmYiIsImN1cnJlbmN5IjoiU0FSIiwiX2xhbmd1YWdlIjoiYXIifQ==", "expire_date": "2020-12-11T13:45:20.829Z"}}, {"model": "sessions.session", "pk": "3t956h3ey589xzs2eptqoh0xgtgwmrj9", "fields": {"session_data": "MzllOGZiYTZiNDcwZThiYzgwM2NjNDJlMzRmZWVlNTA5YjQ5YmIwNzp7ImN1cnJlbmN5IjoiU0FSIiwic2Vzc2lvbi5jdXJyZW5jeV9jb2RlIjoiU0FSIiwiX2xhbmd1YWdlIjoiYXIifQ==", "expire_date": "2020-12-16T11:56:15.963Z"}}, {"model": "sessions.session", "pk": "3zw9xnhu4qshllvyb5xo2igj8lydrnpk", "fields": {"session_data": "YjIxNDVlZThmMWRhOGJlODdmZGI0MTk2NTE3YjhkOGQwN2MwYTBiNzp7ImN1cnJlbmN5IjoiU0FSIiwic2Vzc2lvbi5jdXJyZW5jeV9jb2RlIjoiVVNEIiwiX2F1dGhfdXNlcl9pZCI6IjEiLCJfYXV0aF91c2VyX2JhY2tlbmQiOiJkamFuZ28uY29udHJpYi5hdXRoLmJhY2tlbmRzLk1vZGVsQmFja2VuZCIsIl9hdXRoX3VzZXJfaGFzaCI6IjY3YzlhMGZiMTE4NjcxNDYyNjMwYzdiY2U0NTQ1MmM2ODE3ZGU3ODYiLCJ1c2VyaW1hZ2UiOiIvdXBsb2Fkcy9pbWFnZXMvdXNlcnMvdmVzaWthbGlrX0JUb09oRjQuanBnIiwiX2xhbmd1YWdlIjoiZW4ifQ==", "expire_date": "2020-12-10T20:29:25.441Z"}}, {"model": "sessions.session", "pk": "40velgxlzz11i1g984qgl4kv5vsvyi76", "fields": {"session_data": "ODNlZTYzMjkxMGQzMWQ1Y2Y2MGE5NDI2NmQ4MzU4NGEzNjc3NzNkNTp7ImN1cnJlbmN5IjoiVVNEIiwic2Vzc2lvbi5jdXJyZW5jeV9jb2RlIjoiVVNEIiwiX2F1dGhfdXNlcl9pZCI6IjEiLCJfYXV0aF91c2VyX2JhY2tlbmQiOiJkamFuZ28uY29udHJpYi5hdXRoLmJhY2tlbmRzLk1vZGVsQmFja2VuZCIsIl9hdXRoX3VzZXJfaGFzaCI6IjY3YzlhMGZiMTE4NjcxNDYyNjMwYzdiY2U0NTQ1MmM2ODE3ZGU3ODYiLCJ1c2VyaW1hZ2UiOiIvdXBsb2Fkcy9pbWFnZXMvdXNlcnMvdmVzaWthbGlrX0JUb09oRjQuanBnIiwiX2xhbmd1YWdlIjoiZW4ifQ==", "expire_date": "2020-12-10T21:06:37.957Z"}}, {"model": "sessions.session", "pk": "4aqt1i97rodia2ez515oyqxwg279fswh", "fields": {"session_data": "NmEwNWM5ODc0Mjg3YmIwMGFjY2NhM2IyMjk5NDgyNDZmZmE0YmY5ODp7ImN1cnJlbmN5IjoiVFJZIiwic2Vzc2lvbi5jdXJyZW5jeV9jb2RlIjoiVVNEIiwiX2F1dGhfdXNlcl9pZCI6IjEiLCJfYXV0aF91c2VyX2JhY2tlbmQiOiJkamFuZ28uY29udHJpYi5hdXRoLmJhY2tlbmRzLk1vZGVsQmFja2VuZCIsIl9hdXRoX3VzZXJfaGFzaCI6IjY3YzlhMGZiMTE4NjcxNDYyNjMwYzdiY2U0NTQ1MmM2ODE3ZGU3ODYiLCJ1c2VyaW1hZ2UiOiIvdXBsb2Fkcy9pbWFnZXMvdXNlcnMvdmVzaWthbGlrX0JUb09oRjQuanBnIiwiX2xhbmd1YWdlIjoidHIifQ==", "expire_date": "2020-12-08T22:16:59.513Z"}}, {"model": "sessions.session", "pk": "4hd2r97z4bq3f9sf0wtbcl9yqu8xm1jd", "fields": {"session_data": "NTllMmNkNGNmYTY2NzljNDA2YWM2ZjI3N2FjZmNjZjUwYjEyYmE3NDp7InNlc3Npb24uY3VycmVuY3lfY29kZSI6IlVTRCIsIl9hdXRoX3VzZXJfaWQiOiI0IiwiX2F1dGhfdXNlcl9iYWNrZW5kIjoiZGphbmdvLmNvbnRyaWIuYXV0aC5iYWNrZW5kcy5Nb2RlbEJhY2tlbmQiLCJfYXV0aF91c2VyX2hhc2giOiJiZmM4YTA1MTg0ZjU5ODYyYmYzZWY2ZWRjYTA3YTMzMTg1NDQ4YWY0IiwiY3VycmVuY3kiOiJVU0QifQ==", "expire_date": "2020-12-11T03:57:14.353Z"}}, {"model": "sessions.session", "pk": "4vmho3nxsb8x5nrzfnmb0j3ul647zh0m", "fields": {"session_data": "M2Y5Mzg3ZmM3YThiZjA2NmU0ZGE2YzhmYWRjODkwZWRmMzNmY2ZiOTp7ImN1cnJlbmN5IjoiU0FSIiwic2Vzc2lvbi5jdXJyZW5jeV9jb2RlIjoiVVNEIiwiX2F1dGhfdXNlcl9pZCI6IjEiLCJfYXV0aF91c2VyX2JhY2tlbmQiOiJkamFuZ28uY29udHJpYi5hdXRoLmJhY2tlbmRzLk1vZGVsQmFja2VuZCIsIl9hdXRoX3VzZXJfaGFzaCI6IjY3YzlhMGZiMTE4NjcxNDYyNjMwYzdiY2U0NTQ1MmM2ODE3ZGU3ODYiLCJ1c2VyaW1hZ2UiOiIvdXBsb2Fkcy9pbWFnZXMvdXNlcnMvdmVzaWthbGlrX0JUb09oRjQuanBnIiwiX2xhbmd1YWdlIjoiZW4iLCJjYXJ0X2l0ZW1zIjowfQ==", "expire_date": "2020-12-10T19:37:09.279Z"}}, {"model": "sessions.session", "pk": "5c2z3do3652gax6z4o6537e1rp42zwhg", "fields": {"session_data": "ZjQ1ZTBlMjViNTg2MTc0ZmY2ZTQ1NWIxZmNlMzMwMzIzNTRjNGE4Nzp7Il9hdXRoX3VzZXJfaWQiOiIxIiwiX2F1dGhfdXNlcl9iYWNrZW5kIjoiZGphbmdvLmNvbnRyaWIuYXV0aC5iYWNrZW5kcy5Nb2RlbEJhY2tlbmQiLCJfYXV0aF91c2VyX2hhc2giOiJjN2ZmMWRiZjEzMjcyMTY0NTgzZDRiYjE4ZWIwYTBkMWQyN2NhMDc5IiwidXNlcmltYWdlIjoiL3VwbG9hZHMvaW1hZ2VzL3VzZXJzL3Zlc2lrYWxpa19nbXZyeVFMLmpwZyJ9", "expire_date": "2020-05-16T22:54:30.948Z"}}, {"model": "sessions.session", "pk": "6896mtkdfrnm1g7zt9oyk0crtsuh1xt5", "fields": {"session_data": "NjgyODkyZmFhMWExYTYyMTViNWFjOTkzMDA1ZmE0MWI3YTI5MzljMTp7ImN1cnJlbmN5IjoiVVNEIiwic2Vzc2lvbi5jdXJyZW5jeV9jb2RlIjoiVVNEIn0=", "expire_date": "2020-12-08T18:07:42.542Z"}}, {"model": "sessions.session", "pk": "6zygt6xbr4uwwlfvf1l64ny1s1ac6ahk", "fields": {"session_data": "NjgyODkyZmFhMWExYTYyMTViNWFjOTkzMDA1ZmE0MWI3YTI5MzljMTp7ImN1cnJlbmN5IjoiVVNEIiwic2Vzc2lvbi5jdXJyZW5jeV9jb2RlIjoiVVNEIn0=", "expire_date": "2020-12-11T04:03:16.503Z"}}, {"model": "sessions.session", "pk": "7cq0dx0tgp17rx8h7p9vq31pdnsgyg35", "fields": {"session_data": "YjIxNDVlZThmMWRhOGJlODdmZGI0MTk2NTE3YjhkOGQwN2MwYTBiNzp7ImN1cnJlbmN5IjoiU0FSIiwic2Vzc2lvbi5jdXJyZW5jeV9jb2RlIjoiVVNEIiwiX2F1dGhfdXNlcl9pZCI6IjEiLCJfYXV0aF91c2VyX2JhY2tlbmQiOiJkamFuZ28uY29udHJpYi5hdXRoLmJhY2tlbmRzLk1vZGVsQmFja2VuZCIsIl9hdXRoX3VzZXJfaGFzaCI6IjY3YzlhMGZiMTE4NjcxNDYyNjMwYzdiY2U0NTQ1MmM2ODE3ZGU3ODYiLCJ1c2VyaW1hZ2UiOiIvdXBsb2Fkcy9pbWFnZXMvdXNlcnMvdmVzaWthbGlrX0JUb09oRjQuanBnIiwiX2xhbmd1YWdlIjoiZW4ifQ==", "expire_date": "2020-12-10T20:22:04.172Z"}}, {"model": "sessions.session", "pk": "7i49ncazr3uqww05ycc9ma5f8em6ovjh", "fields": {"session_data": "ODNlZTYzMjkxMGQzMWQ1Y2Y2MGE5NDI2NmQ4MzU4NGEzNjc3NzNkNTp7ImN1cnJlbmN5IjoiVVNEIiwic2Vzc2lvbi5jdXJyZW5jeV9jb2RlIjoiVVNEIiwiX2F1dGhfdXNlcl9pZCI6IjEiLCJfYXV0aF91c2VyX2JhY2tlbmQiOiJkamFuZ28uY29udHJpYi5hdXRoLmJhY2tlbmRzLk1vZGVsQmFja2VuZCIsIl9hdXRoX3VzZXJfaGFzaCI6IjY3YzlhMGZiMTE4NjcxNDYyNjMwYzdiY2U0NTQ1MmM2ODE3ZGU3ODYiLCJ1c2VyaW1hZ2UiOiIvdXBsb2Fkcy9pbWFnZXMvdXNlcnMvdmVzaWthbGlrX0JUb09oRjQuanBnIiwiX2xhbmd1YWdlIjoiZW4ifQ==", "expire_date": "2020-12-10T20:52:21.741Z"}}, {"model": "sessions.session", "pk": "7owv82qp523p7zr9f6h084u2pfp5n2n4", "fields": {"session_data": "NjgyODkyZmFhMWExYTYyMTViNWFjOTkzMDA1ZmE0MWI3YTI5MzljMTp7ImN1cnJlbmN5IjoiVVNEIiwic2Vzc2lvbi5jdXJyZW5jeV9jb2RlIjoiVVNEIn0=", "expire_date": "2020-12-08T21:16:02.315Z"}}, {"model": "sessions.session", "pk": "87hczijytdp0f10j5oy7xdu6jteh2xtq", "fields": {"session_data": "NjgyODkyZmFhMWExYTYyMTViNWFjOTkzMDA1ZmE0MWI3YTI5MzljMTp7ImN1cnJlbmN5IjoiVVNEIiwic2Vzc2lvbi5jdXJyZW5jeV9jb2RlIjoiVVNEIn0=", "expire_date": "2020-12-11T03:59:55.812Z"}}, {"model": "sessions.session", "pk": "88jli894v7vqyidp5eda60anljlpsxdj", "fields": {"session_data": "NjgyODkyZmFhMWExYTYyMTViNWFjOTkzMDA1ZmE0MWI3YTI5MzljMTp7ImN1cnJlbmN5IjoiVVNEIiwic2Vzc2lvbi5jdXJyZW5jeV9jb2RlIjoiVVNEIn0=", "expire_date": "2020-12-08T20:10:39.760Z"}}, {"model": "sessions.session", "pk": "89kyjba9dw99pyt0fz0iderd4t5learz", "fields": {"session_data": "MzllOGZiYTZiNDcwZThiYzgwM2NjNDJlMzRmZWVlNTA5YjQ5YmIwNzp7ImN1cnJlbmN5IjoiU0FSIiwic2Vzc2lvbi5jdXJyZW5jeV9jb2RlIjoiU0FSIiwiX2xhbmd1YWdlIjoiYXIifQ==", "expire_date": "2020-12-13T18:37:26.759Z"}}, {"model": "sessions.session", "pk": "8atk298lv3983bp6knlp0wli66z40o5n", "fields": {"session_data": "YmQwMGViODBiOWI0YzllYzVhZGNmMGM1OWFhYmFiNzM0ZGE5MDE2Yzp7InNlc3Npb24uY3VycmVuY3lfY29kZSI6IlVTRCIsImN1cnJlbmN5IjoiVVNEIiwiX2F1dGhfdXNlcl9pZCI6IjEiLCJfYXV0aF91c2VyX2JhY2tlbmQiOiJkamFuZ28uY29udHJpYi5hdXRoLmJhY2tlbmRzLk1vZGVsQmFja2VuZCIsIl9hdXRoX3VzZXJfaGFzaCI6IjY3YzlhMGZiMTE4NjcxNDYyNjMwYzdiY2U0NTQ1MmM2ODE3ZGU3ODYiLCJ1c2VyaW1hZ2UiOiIvdXBsb2Fkcy9pbWFnZXMvdXNlcnMvdmVzaWthbGlrX0JUb09oRjQuanBnIiwiX2xhbmd1YWdlIjoiZW4ifQ==", "expire_date": "2020-12-08T22:04:10.266Z"}}, {"model": "sessions.session", "pk": "8fx80brhlqonu75ni0as95aoivpaxv3u", "fields": {"session_data": "Yzk3OTU1ZDk3MWE1NDg0ZjQzMTk3N2NlZjZjMmI2M2M1OTM5ZDUyYTp7InNlc3Npb24uY3VycmVuY3lfY29kZSI6IlVTRCIsImN1cnJlbmN5IjoiVVNEIn0=", "expire_date": "2020-12-08T19:43:16.434Z"}}, {"model": "sessions.session", "pk": "8uui3rhruo9e4gbdksoll39i0sjsiy5g", "fields": {"session_data": "Yzk3OTU1ZDk3MWE1NDg0ZjQzMTk3N2NlZjZjMmI2M2M1OTM5ZDUyYTp7InNlc3Npb24uY3VycmVuY3lfY29kZSI6IlVTRCIsImN1cnJlbmN5IjoiVVNEIn0=", "expire_date": "2020-12-11T03:52:56.875Z"}}, {"model": "sessions.session", "pk": "8wjcbvzvmn3ldzxyppkbnuvt61hredfp", "fields": {"session_data": "NjgyODkyZmFhMWExYTYyMTViNWFjOTkzMDA1ZmE0MWI3YTI5MzljMTp7ImN1cnJlbmN5IjoiVVNEIiwic2Vzc2lvbi5jdXJyZW5jeV9jb2RlIjoiVVNEIn0=", "expire_date": "2020-12-08T20:25:09.561Z"}}, {"model": "sessions.session", "pk": "a524xv6gsi80fzh0p1h3txzhqyiyingi", "fields": {"session_data": "ZDgyMjNmZjBhYTRhYTZkYmFmYjczODY4OWE5ZDgyYWEwYWJmOTUzNjp7Il9hdXRoX3VzZXJfaWQiOiIxIiwiX2F1dGhfdXNlcl9iYWNrZW5kIjoiZGphbmdvLmNvbnRyaWIuYXV0aC5iYWNrZW5kcy5Nb2RlbEJhY2tlbmQiLCJfYXV0aF91c2VyX2hhc2giOiJjN2ZmMWRiZjEzMjcyMTY0NTgzZDRiYjE4ZWIwYTBkMWQyN2NhMDc5In0=", "expire_date": "2020-05-07T00:55:29.973Z"}}, {"model": "sessions.session", "pk": "agcau3q94p45mnq12nzrv6jefwq3t9b9", "fields": {"session_data": "N2M2ZDFkMzc2OTU3NDZiZjU4N2UyYTVjNWUyNzZjMTA3NTdjNTg5NTp7Il9sYW5ndWFnZSI6InRyIn0=", "expire_date": "2020-06-09T23:12:43.291Z"}}, {"model": "sessions.session", "pk": "aycp6fe7fwuz0wfmmn4poeqotb3ab9uq", "fields": {"session_data": "MmE0Mjc4Y2ZiN2UyNjA3MWY4ZjBmMzVkNmI5OGViNWVkYzc0OTcwZTp7Il9hdXRoX3VzZXJfaWQiOiIxIiwiX2F1dGhfdXNlcl9iYWNrZW5kIjoiZGphbmdvLmNvbnRyaWIuYXV0aC5iYWNrZW5kcy5Nb2RlbEJhY2tlbmQiLCJfYXV0aF91c2VyX2hhc2giOiI2N2M5YTBmYjExODY3MTQ2MjYzMGM3YmNlNDU0NTJjNjgxN2RlNzg2IiwiY2FydF9pdGVtcyI6MH0=", "expire_date": "2020-06-04T02:34:24.918Z"}}, {"model": "sessions.session", "pk": "bko666a4ltzwm9dhsdkv7ttgj1y4pbyv", "fields": {"session_data": "ZDgyMjNmZjBhYTRhYTZkYmFmYjczODY4OWE5ZDgyYWEwYWJmOTUzNjp7Il9hdXRoX3VzZXJfaWQiOiIxIiwiX2F1dGhfdXNlcl9iYWNrZW5kIjoiZGphbmdvLmNvbnRyaWIuYXV0aC5iYWNrZW5kcy5Nb2RlbEJhY2tlbmQiLCJfYXV0aF91c2VyX2hhc2giOiJjN2ZmMWRiZjEzMjcyMTY0NTgzZDRiYjE4ZWIwYTBkMWQyN2NhMDc5In0=", "expire_date": "2020-05-08T00:28:24.808Z"}}, {"model": "sessions.session", "pk": "bla5daye9gryws389y66m8cgh3gqopkc", "fields": {"session_data": "NzUxMjU4YmVkZTAxOTk1M2FhYTRhZjgxODUzZjAyMTQ2NTg2ZDViYzp7ImN1cnJlbmN5IjoiVVNEIiwic2Vzc2lvbi5jdXJyZW5jeV9jb2RlIjoiVVNEIiwiX2F1dGhfdXNlcl9pZCI6IjEiLCJfYXV0aF91c2VyX2JhY2tlbmQiOiJkamFuZ28uY29udHJpYi5hdXRoLmJhY2tlbmRzLk1vZGVsQmFja2VuZCIsIl9hdXRoX3VzZXJfaGFzaCI6IjY3YzlhMGZiMTE4NjcxNDYyNjMwYzdiY2U0NTQ1MmM2ODE3ZGU3ODYifQ==", "expire_date": "2020-12-10T19:22:14.768Z"}}, {"model": "sessions.session", "pk": "bqibhs4plma1nmzf5lk5qgumij586593", "fields": {"session_data": "NDFkMmIxNjRhNzI5MTJiMWFmODljYzRhYjRiZGY2YmU3MjQ1YzQ3NDp7ImN1cnJlbmN5IjoiU0FSIiwic2Vzc2lvbi5jdXJyZW5jeV9jb2RlIjoiU0FSIn0=", "expire_date": "2020-12-11T13:47:04.314Z"}}, {"model": "sessions.session", "pk": "bqip9br1z7o46wetyi4o6bqn0o77780u", "fields": {"session_data": "NDQyZGE3MTFhNDVlYzk1MmVjNWM4MDA3NTI1MTQ3NzJjZDgyMjY3Zjp7ImN1cnJlbmN5IjoiU0FSIiwic2Vzc2lvbi5jdXJyZW5jeV9jb2RlIjoiU0FSIiwiX2xhbmd1YWdlIjoiZW4iLCJfYXV0aF91c2VyX2lkIjoiMTIiLCJfYXV0aF91c2VyX2JhY2tlbmQiOiJkamFuZ28uY29udHJpYi5hdXRoLmJhY2tlbmRzLk1vZGVsQmFja2VuZCIsIl9hdXRoX3VzZXJfaGFzaCI6ImU4Y2E2YmE5OTkzZTJjNDg5ZWZkNDBiYmY0MTg5NTUzNmJmNzg2NDkifQ==", "expire_date": "2020-12-14T10:02:33.139Z"}}, {"model": "sessions.session", "pk": "bs0o3aai16v4qf4ei8z5g0hd26zxei1j", "fields": {"session_data": "NDY0ZTdjZjc5NzkxM2M2NDVlODk3ZDZlNDIyODEwMDU4N2Q3OTYzMjp7InNlc3Npb24uY3VycmVuY3lfY29kZSI6IlVTRCJ9", "expire_date": "2020-12-09T10:39:53.504Z"}}, {"model": "sessions.session", "pk": "c3poxjhmoykuxc40yftnoi9rqm2vhke2", "fields": {"session_data": "YjBiMTM1ZjNkNGYyODgyZGI3M2RiNjAzMWMwMmM5NTQxYWZmYTNhYTp7ImN1cnJlbmN5IjoiU0FSIiwic2Vzc2lvbi5jdXJyZW5jeV9jb2RlIjoiVVNEIiwiX2xhbmd1YWdlIjoidHIiLCJfYXV0aF91c2VyX2lkIjoiMSIsIl9hdXRoX3VzZXJfYmFja2VuZCI6ImRqYW5nby5jb250cmliLmF1dGguYmFja2VuZHMuTW9kZWxCYWNrZW5kIiwiX2F1dGhfdXNlcl9oYXNoIjoiNjdjOWEwZmIxMTg2NzE0NjI2MzBjN2JjZTQ1NDUyYzY4MTdkZTc4NiIsInVzZXJpbWFnZSI6Ii91cGxvYWRzL2ltYWdlcy91c2Vycy92ZXNpa2FsaWtfQlRvT2hGNC5qcGcifQ==", "expire_date": "2020-12-10T20:28:07.734Z"}}, {"model": "sessions.session", "pk": "cou9o7dr3gsznk66h91yj2hpalznhwmv", "fields": {"session_data": "OWU1ZTAxNGQxMTc1YTc1YWI4MzMyZGI1OGZjZDUxMjU1NWJiYzkxMjp7InNlc3Npb24uY3VycmVuY3lfY29kZSI6IlVTRCIsIl9hdXRoX3VzZXJfaWQiOiIxIiwiX2F1dGhfdXNlcl9iYWNrZW5kIjoiZGphbmdvLmNvbnRyaWIuYXV0aC5iYWNrZW5kcy5Nb2RlbEJhY2tlbmQiLCJfYXV0aF91c2VyX2hhc2giOiI2N2M5YTBmYjExODY3MTQ2MjYzMGM3YmNlNDU0NTJjNjgxN2RlNzg2In0=", "expire_date": "2020-12-08T19:44:13.297Z"}}, {"model": "sessions.session", "pk": "dk3tdzj31kbkpyw9g3q0ohblroi7g5uz", "fields": {"session_data": "YjIxNDVlZThmMWRhOGJlODdmZGI0MTk2NTE3YjhkOGQwN2MwYTBiNzp7ImN1cnJlbmN5IjoiU0FSIiwic2Vzc2lvbi5jdXJyZW5jeV9jb2RlIjoiVVNEIiwiX2F1dGhfdXNlcl9pZCI6IjEiLCJfYXV0aF91c2VyX2JhY2tlbmQiOiJkamFuZ28uY29udHJpYi5hdXRoLmJhY2tlbmRzLk1vZGVsQmFja2VuZCIsIl9hdXRoX3VzZXJfaGFzaCI6IjY3YzlhMGZiMTE4NjcxNDYyNjMwYzdiY2U0NTQ1MmM2ODE3ZGU3ODYiLCJ1c2VyaW1hZ2UiOiIvdXBsb2Fkcy9pbWFnZXMvdXNlcnMvdmVzaWthbGlrX0JUb09oRjQuanBnIiwiX2xhbmd1YWdlIjoiZW4ifQ==", "expire_date": "2020-12-10T20:25:12.549Z"}}, {"model": "sessions.session", "pk": "dn4cpc11y6cdh615uq2faaedklp1d1mq", "fields": {"session_data": "NjgyODkyZmFhMWExYTYyMTViNWFjOTkzMDA1ZmE0MWI3YTI5MzljMTp7ImN1cnJlbmN5IjoiVVNEIiwic2Vzc2lvbi5jdXJyZW5jeV9jb2RlIjoiVVNEIn0=", "expire_date": "2020-12-08T21:12:11.665Z"}}, {"model": "sessions.session", "pk": "e16iwke2n68xpvl97nef913mkl8f2oyo", "fields": {"session_data": "NTNmYTU5NDIyN2IwYWYyNWRmNzFlMzVmZWRlY2QyOTU0MTM0NjIxZTp7ImN1cnJlbmN5IjoiVVNEIiwic2Vzc2lvbi5jdXJyZW5jeV9jb2RlIjoiU0FSIiwiX2xhbmd1YWdlIjoiYXIiLCJfYXV0aF91c2VyX2lkIjoiMSIsIl9hdXRoX3VzZXJfYmFja2VuZCI6ImRqYW5nby5jb250cmliLmF1dGguYmFja2VuZHMuTW9kZWxCYWNrZW5kIiwiX2F1dGhfdXNlcl9oYXNoIjoiNjdjOWEwZmIxMTg2NzE0NjI2MzBjN2JjZTQ1NDUyYzY4MTdkZTc4NiJ9", "expire_date": "2020-12-12T16:11:59.282Z"}}, {"model": "sessions.session", "pk": "eliwglnp6veuziptg66f34xbbosbgz0v", "fields": {"session_data": "Nzk4NzRmMTI3NTY0Zjk5MjkyZTQwZTBjY2IwY2U5ZDgzMWUyMDdjZTp7Il9hdXRoX3VzZXJfaWQiOiIxIiwiX2F1dGhfdXNlcl9iYWNrZW5kIjoiZGphbmdvLmNvbnRyaWIuYXV0aC5iYWNrZW5kcy5Nb2RlbEJhY2tlbmQiLCJfYXV0aF91c2VyX2hhc2giOiI2N2M5YTBmYjExODY3MTQ2MjYzMGM3YmNlNDU0NTJjNjgxN2RlNzg2IiwidXNlcmltYWdlIjoiL3VwbG9hZHMvaW1hZ2VzL3VzZXJzL2tvd2JveV8yLmpwZyJ9", "expire_date": "2020-05-27T10:50:42.336Z"}}, {"model": "sessions.session", "pk": "els20o672nf8i9bulqc36edcztqgzot6", "fields": {"session_data": "NjgyODkyZmFhMWExYTYyMTViNWFjOTkzMDA1ZmE0MWI3YTI5MzljMTp7ImN1cnJlbmN5IjoiVVNEIiwic2Vzc2lvbi5jdXJyZW5jeV9jb2RlIjoiVVNEIn0=", "expire_date": "2020-12-08T20:11:23.239Z"}}, {"model": "sessions.session", "pk": "fwar9d78oksabturh29y3mnrcrxmju0w", "fields": {"session_data": "NDFkMmIxNjRhNzI5MTJiMWFmODljYzRhYjRiZGY2YmU3MjQ1YzQ3NDp7ImN1cnJlbmN5IjoiU0FSIiwic2Vzc2lvbi5jdXJyZW5jeV9jb2RlIjoiU0FSIn0=", "expire_date": "2020-12-11T04:40:39.090Z"}}, {"model": "sessions.session", "pk": "ge66ycs0apq8z1wtx3jurewos7ztypzr", "fields": {"session_data": "NjgyODkyZmFhMWExYTYyMTViNWFjOTkzMDA1ZmE0MWI3YTI5MzljMTp7ImN1cnJlbmN5IjoiVVNEIiwic2Vzc2lvbi5jdXJyZW5jeV9jb2RlIjoiVVNEIn0=", "expire_date": "2020-12-08T20:11:35.519Z"}}, {"model": "sessions.session", "pk": "gvdka10uhw6hvnde6jb0sqqmeyoz7d6f", "fields": {"session_data": "ODNlZTYzMjkxMGQzMWQ1Y2Y2MGE5NDI2NmQ4MzU4NGEzNjc3NzNkNTp7ImN1cnJlbmN5IjoiVVNEIiwic2Vzc2lvbi5jdXJyZW5jeV9jb2RlIjoiVVNEIiwiX2F1dGhfdXNlcl9pZCI6IjEiLCJfYXV0aF91c2VyX2JhY2tlbmQiOiJkamFuZ28uY29udHJpYi5hdXRoLmJhY2tlbmRzLk1vZGVsQmFja2VuZCIsIl9hdXRoX3VzZXJfaGFzaCI6IjY3YzlhMGZiMTE4NjcxNDYyNjMwYzdiY2U0NTQ1MmM2ODE3ZGU3ODYiLCJ1c2VyaW1hZ2UiOiIvdXBsb2Fkcy9pbWFnZXMvdXNlcnMvdmVzaWthbGlrX0JUb09oRjQuanBnIiwiX2xhbmd1YWdlIjoiZW4ifQ==", "expire_date": "2020-06-23T02:00:08.646Z"}}, {"model": "sessions.session", "pk": "hj4sinmn2yp699lnyszxt3k2hheyn2a0", "fields": {"session_data": "OWU1ZTAxNGQxMTc1YTc1YWI4MzMyZGI1OGZjZDUxMjU1NWJiYzkxMjp7InNlc3Npb24uY3VycmVuY3lfY29kZSI6IlVTRCIsIl9hdXRoX3VzZXJfaWQiOiIxIiwiX2F1dGhfdXNlcl9iYWNrZW5kIjoiZGphbmdvLmNvbnRyaWIuYXV0aC5iYWNrZW5kcy5Nb2RlbEJhY2tlbmQiLCJfYXV0aF91c2VyX2hhc2giOiI2N2M5YTBmYjExODY3MTQ2MjYzMGM3YmNlNDU0NTJjNjgxN2RlNzg2In0=", "expire_date": "2020-12-10T20:14:55.407Z"}}, {"model": "sessions.session", "pk": "htgl0mz5fc45aogxnbsa03y1tgupf9tf", "fields": {"session_data": "NGJkOGIwNjkyNDRiZTRjN2YwZjVlNzE0OWU1NzkyNjk4OGVmMDQxNjp7ImN1cnJlbmN5IjoiVFJZIiwic2Vzc2lvbi5jdXJyZW5jeV9jb2RlIjoiVVNEIiwiX2F1dGhfdXNlcl9pZCI6IjMiLCJfYXV0aF91c2VyX2JhY2tlbmQiOiJkamFuZ28uY29udHJpYi5hdXRoLmJhY2tlbmRzLk1vZGVsQmFja2VuZCIsIl9hdXRoX3VzZXJfaGFzaCI6IjNlMTJkMDc2ZmFlZDMzNWJhZmZhOGEwZDdjYWFkOGE0MGQ0N2Y0ODAiLCJ1c2VyaW1hZ2UiOiIvdXBsb2Fkcy9pbWFnZXMvdXNlcnMvanVsaWFfNExzQTg4OC5qcGciLCJfbGFuZ3VhZ2UiOiJlbiJ9", "expire_date": "2020-07-17T21:08:11.691Z"}}, {"model": "sessions.session", "pk": "hy6opdoauvudb81yg6rh8ubxvk5575wh", "fields": {"session_data": "MzllMjg5ZWUzN2U1ZjU3MTZlNjU2YTgyMzhlOTM0MTJiNDAwMGY2YTp7Il9hdXRoX3VzZXJfaWQiOiIxIiwiX2F1dGhfdXNlcl9iYWNrZW5kIjoiZGphbmdvLmNvbnRyaWIuYXV0aC5iYWNrZW5kcy5Nb2RlbEJhY2tlbmQiLCJfYXV0aF91c2VyX2hhc2giOiJjN2ZmMWRiZjEzMjcyMTY0NTgzZDRiYjE4ZWIwYTBkMWQyN2NhMDc5IiwiY2FydF9pdGVtcyI6MH0=", "expire_date": "2020-05-17T17:05:45.589Z"}}, {"model": "sessions.session", "pk": "i16gmbnuimtjr2a6e4navgv0gdjs1wh1", "fields": {"session_data": "ZDgyMjNmZjBhYTRhYTZkYmFmYjczODY4OWE5ZDgyYWEwYWJmOTUzNjp7Il9hdXRoX3VzZXJfaWQiOiIxIiwiX2F1dGhfdXNlcl9iYWNrZW5kIjoiZGphbmdvLmNvbnRyaWIuYXV0aC5iYWNrZW5kcy5Nb2RlbEJhY2tlbmQiLCJfYXV0aF91c2VyX2hhc2giOiJjN2ZmMWRiZjEzMjcyMTY0NTgzZDRiYjE4ZWIwYTBkMWQyN2NhMDc5In0=", "expire_date": "2020-05-03T14:11:16.144Z"}}, {"model": "sessions.session", "pk": "i4gacdas4pd6p9g92yjd6311otwp5cdr", "fields": {"session_data": "OWU1ZTAxNGQxMTc1YTc1YWI4MzMyZGI1OGZjZDUxMjU1NWJiYzkxMjp7InNlc3Npb24uY3VycmVuY3lfY29kZSI6IlVTRCIsIl9hdXRoX3VzZXJfaWQiOiIxIiwiX2F1dGhfdXNlcl9iYWNrZW5kIjoiZGphbmdvLmNvbnRyaWIuYXV0aC5iYWNrZW5kcy5Nb2RlbEJhY2tlbmQiLCJfYXV0aF91c2VyX2hhc2giOiI2N2M5YTBmYjExODY3MTQ2MjYzMGM3YmNlNDU0NTJjNjgxN2RlNzg2In0=", "expire_date": "2020-06-22T23:22:35.823Z"}}, {"model": "sessions.session", "pk": "ivlhzw7gqom1uxqpv03qk3axogaqjso4", "fields": {"session_data": "ODNlZTYzMjkxMGQzMWQ1Y2Y2MGE5NDI2NmQ4MzU4NGEzNjc3NzNkNTp7ImN1cnJlbmN5IjoiVVNEIiwic2Vzc2lvbi5jdXJyZW5jeV9jb2RlIjoiVVNEIiwiX2F1dGhfdXNlcl9pZCI6IjEiLCJfYXV0aF91c2VyX2JhY2tlbmQiOiJkamFuZ28uY29udHJpYi5hdXRoLmJhY2tlbmRzLk1vZGVsQmFja2VuZCIsIl9hdXRoX3VzZXJfaGFzaCI6IjY3YzlhMGZiMTE4NjcxNDYyNjMwYzdiY2U0NTQ1MmM2ODE3ZGU3ODYiLCJ1c2VyaW1hZ2UiOiIvdXBsb2Fkcy9pbWFnZXMvdXNlcnMvdmVzaWthbGlrX0JUb09oRjQuanBnIiwiX2xhbmd1YWdlIjoiZW4ifQ==", "expire_date": "2020-12-10T20:44:05.344Z"}}, {"model": "sessions.session", "pk": "j1fwk6vhfd94ftxtzbst34e29x4ud280", "fields": {"session_data": "NjgyODkyZmFhMWExYTYyMTViNWFjOTkzMDA1ZmE0MWI3YTI5MzljMTp7ImN1cnJlbmN5IjoiVVNEIiwic2Vzc2lvbi5jdXJyZW5jeV9jb2RlIjoiVVNEIn0=", "expire_date": "2020-12-08T21:13:52.278Z"}}, {"model": "sessions.session", "pk": "jma1c4vlpzdn6vzjifghzlqfqv2nvvt5", "fields": {"session_data": "YjIxNDVlZThmMWRhOGJlODdmZGI0MTk2NTE3YjhkOGQwN2MwYTBiNzp7ImN1cnJlbmN5IjoiU0FSIiwic2Vzc2lvbi5jdXJyZW5jeV9jb2RlIjoiVVNEIiwiX2F1dGhfdXNlcl9pZCI6IjEiLCJfYXV0aF91c2VyX2JhY2tlbmQiOiJkamFuZ28uY29udHJpYi5hdXRoLmJhY2tlbmRzLk1vZGVsQmFja2VuZCIsIl9hdXRoX3VzZXJfaGFzaCI6IjY3YzlhMGZiMTE4NjcxNDYyNjMwYzdiY2U0NTQ1MmM2ODE3ZGU3ODYiLCJ1c2VyaW1hZ2UiOiIvdXBsb2Fkcy9pbWFnZXMvdXNlcnMvdmVzaWthbGlrX0JUb09oRjQuanBnIiwiX2xhbmd1YWdlIjoiZW4ifQ==", "expire_date": "2020-12-10T20:36:17.901Z"}}, {"model": "sessions.session", "pk": "jvk194oxs80zuboo8qnytzb73ebji6co", "fields": {"session_data": "NjgyODkyZmFhMWExYTYyMTViNWFjOTkzMDA1ZmE0MWI3YTI5MzljMTp7ImN1cnJlbmN5IjoiVVNEIiwic2Vzc2lvbi5jdXJyZW5jeV9jb2RlIjoiVVNEIn0=", "expire_date": "2020-12-10T21:08:10.026Z"}}, {"model": "sessions.session", "pk": "k3o924c2ztiqxilmk9jj00oskexev5lm", "fields": {"session_data": "NjgyODkyZmFhMWExYTYyMTViNWFjOTkzMDA1ZmE0MWI3YTI5MzljMTp7ImN1cnJlbmN5IjoiVVNEIiwic2Vzc2lvbi5jdXJyZW5jeV9jb2RlIjoiVVNEIn0=", "expire_date": "2020-12-10T20:32:43.741Z"}}, {"model": "sessions.session", "pk": "kd9d1wrgu8qucz7pdfjctm2rz1pid8ud", "fields": {"session_data": "NDFkMmIxNjRhNzI5MTJiMWFmODljYzRhYjRiZGY2YmU3MjQ1YzQ3NDp7ImN1cnJlbmN5IjoiU0FSIiwic2Vzc2lvbi5jdXJyZW5jeV9jb2RlIjoiU0FSIn0=", "expire_date": "2020-12-16T12:28:29.512Z"}}, {"model": "sessions.session", "pk": "km1c3aot80fp37m0cvj8cu5zg32grrkg", "fields": {"session_data": "YmJiYTg1MTY2NDY4YjhiM2JiNjdhYmJlMzIyZTFiODc5MzliZGIwOTp7InNlc3Npb24uY3VycmVuY3lfY29kZSI6IlNBUiIsIl9sYW5ndWFnZSI6ImFyIiwiY3VycmVuY3kiOiJTQVIifQ==", "expire_date": "2020-12-14T11:49:44.426Z"}}, {"model": "sessions.session", "pk": "kzga6yvk3mlvixza0tnw5ezunw73piyn", "fields": {"session_data": "NDFkMmIxNjRhNzI5MTJiMWFmODljYzRhYjRiZGY2YmU3MjQ1YzQ3NDp7ImN1cnJlbmN5IjoiU0FSIiwic2Vzc2lvbi5jdXJyZW5jeV9jb2RlIjoiU0FSIn0=", "expire_date": "2020-12-11T13:32:56.499Z"}}, {"model": "sessions.session", "pk": "lgcjbhbrur69stufannxjdy348ye5xro", "fields": {"session_data": "YWRiMTVhM2VjZjBmMTJiYjE0MTM1N2JlNDBkYmI1NjZmM2JhY2JhZjp7Il9hdXRoX3VzZXJfaWQiOiIxIiwiX2F1dGhfdXNlcl9iYWNrZW5kIjoiZGphbmdvLmNvbnRyaWIuYXV0aC5iYWNrZW5kcy5Nb2RlbEJhY2tlbmQiLCJfYXV0aF91c2VyX2hhc2giOiI2N2M5YTBmYjExODY3MTQ2MjYzMGM3YmNlNDU0NTJjNjgxN2RlNzg2IiwiX2xhbmd1YWdlIjoiZW4iLCJzZXNzaW9uLmN1cnJlbmN5X2NvZGUiOm51bGx9", "expire_date": "2020-06-22T01:07:44.578Z"}}, {"model": "sessions.session", "pk": "lpos0nozetjga7n4h2otxf0cxy9ywyuq", "fields": {"session_data": "NjgyODkyZmFhMWExYTYyMTViNWFjOTkzMDA1ZmE0MWI3YTI5MzljMTp7ImN1cnJlbmN5IjoiVVNEIiwic2Vzc2lvbi5jdXJyZW5jeV9jb2RlIjoiVVNEIn0=", "expire_date": "2020-12-08T17:50:05.268Z"}}, {"model": "sessions.session", "pk": "o6y9inn9xgbelrfsgf97ywv6ols9fn37", "fields": {"session_data": "ZDgyMjNmZjBhYTRhYTZkYmFmYjczODY4OWE5ZDgyYWEwYWJmOTUzNjp7Il9hdXRoX3VzZXJfaWQiOiIxIiwiX2F1dGhfdXNlcl9iYWNrZW5kIjoiZGphbmdvLmNvbnRyaWIuYXV0aC5iYWNrZW5kcy5Nb2RlbEJhY2tlbmQiLCJfYXV0aF91c2VyX2hhc2giOiJjN2ZmMWRiZjEzMjcyMTY0NTgzZDRiYjE4ZWIwYTBkMWQyN2NhMDc5In0=", "expire_date": "2020-05-02T01:14:37.401Z"}}, {"model": "sessions.session", "pk": "ogsfw9qsmivotdmb44ki47njzh7rh8gk", "fields": {"session_data": "ZWQ0ZDhlNDczNTA3ZTdlODE3ZmIxOThkZTdiODNjZTg0YzcxMTZkOTp7ImN1cnJlbmN5IjoiVVNEIiwic2Vzc2lvbi5jdXJyZW5jeV9jb2RlIjoiVVNEIiwiX2xhbmd1YWdlIjoiZW4ifQ==", "expire_date": "2020-12-08T17:14:14.983Z"}}, {"model": "sessions.session", "pk": "pq7fq9sn2a9hxz1olvi5l5l7kjhfmalg", "fields": {"session_data": "ZDM0MzU1ODQ4YmQwMjQ3OTZhNTQwOTdmYjI2NDM2YmYxNzg5MjRjNDp7InNlc3Npb24uY3VycmVuY3lfY29kZSI6IlNBUiJ9", "expire_date": "2020-12-13T18:02:28.466Z"}}, {"model": "sessions.session", "pk": "qefiux8st63n61xbw82errye7vg2pf46", "fields": {"session_data": "N2FmZjlhODcwNGRhYjBkNjIzMzYwNjA2N2I2YWVhY2EzYjc0NGNiZTp7ImN1cnJlbmN5IjoiU0FSIiwic2Vzc2lvbi5jdXJyZW5jeV9jb2RlIjoiU0FSIiwiX2F1dGhfdXNlcl9pZCI6IjEiLCJfYXV0aF91c2VyX2JhY2tlbmQiOiJkamFuZ28uY29udHJpYi5hdXRoLmJhY2tlbmRzLk1vZGVsQmFja2VuZCIsIl9hdXRoX3VzZXJfaGFzaCI6IjY3YzlhMGZiMTE4NjcxNDYyNjMwYzdiY2U0NTQ1MmM2ODE3ZGU3ODYiLCJfbGFuZ3VhZ2UiOiJhciJ9", "expire_date": "2020-12-12T16:09:36.053Z"}}, {"model": "sessions.session", "pk": "qiv4o0xwnb42cc484y5azwpbzw2ahe6i", "fields": {"session_data": "NjgyODkyZmFhMWExYTYyMTViNWFjOTkzMDA1ZmE0MWI3YTI5MzljMTp7ImN1cnJlbmN5IjoiVVNEIiwic2Vzc2lvbi5jdXJyZW5jeV9jb2RlIjoiVVNEIn0=", "expire_date": "2020-12-08T19:17:27.480Z"}}, {"model": "sessions.session", "pk": "qohi73z6ygkx3wnmcrqm8fe02b570rw3", "fields": {"session_data": "NDY0ZTdjZjc5NzkxM2M2NDVlODk3ZDZlNDIyODEwMDU4N2Q3OTYzMjp7InNlc3Npb24uY3VycmVuY3lfY29kZSI6IlVTRCJ9", "expire_date": "2020-12-08T22:26:29.354Z"}}, {"model": "sessions.session", "pk": "qrtrzjxgvnzkeg540e05ju8bbzliy5di", "fields": {"session_data": "YjIxNDVlZThmMWRhOGJlODdmZGI0MTk2NTE3YjhkOGQwN2MwYTBiNzp7ImN1cnJlbmN5IjoiU0FSIiwic2Vzc2lvbi5jdXJyZW5jeV9jb2RlIjoiVVNEIiwiX2F1dGhfdXNlcl9pZCI6IjEiLCJfYXV0aF91c2VyX2JhY2tlbmQiOiJkamFuZ28uY29udHJpYi5hdXRoLmJhY2tlbmRzLk1vZGVsQmFja2VuZCIsIl9hdXRoX3VzZXJfaGFzaCI6IjY3YzlhMGZiMTE4NjcxNDYyNjMwYzdiY2U0NTQ1MmM2ODE3ZGU3ODYiLCJ1c2VyaW1hZ2UiOiIvdXBsb2Fkcy9pbWFnZXMvdXNlcnMvdmVzaWthbGlrX0JUb09oRjQuanBnIiwiX2xhbmd1YWdlIjoiZW4ifQ==", "expire_date": "2020-12-10T20:30:52.497Z"}}, {"model": "sessions.session", "pk": "s2vl02zjtbcwh3a0cr0lttxyfrbyvnhr", "fields": {"session_data": "MzllOGZiYTZiNDcwZThiYzgwM2NjNDJlMzRmZWVlNTA5YjQ5YmIwNzp7ImN1cnJlbmN5IjoiU0FSIiwic2Vzc2lvbi5jdXJyZW5jeV9jb2RlIjoiU0FSIiwiX2xhbmd1YWdlIjoiYXIifQ==", "expire_date": "2020-12-16T09:50:27.792Z"}}, {"model": "sessions.session", "pk": "smr2wsyozzvtt3qy5j0ecrvis5q8iu9j", "fields": {"session_data": "MmE0Mjc4Y2ZiN2UyNjA3MWY4ZjBmMzVkNmI5OGViNWVkYzc0OTcwZTp7Il9hdXRoX3VzZXJfaWQiOiIxIiwiX2F1dGhfdXNlcl9iYWNrZW5kIjoiZGphbmdvLmNvbnRyaWIuYXV0aC5iYWNrZW5kcy5Nb2RlbEJhY2tlbmQiLCJfYXV0aF91c2VyX2hhc2giOiI2N2M5YTBmYjExODY3MTQ2MjYzMGM3YmNlNDU0NTJjNjgxN2RlNzg2IiwiY2FydF9pdGVtcyI6MH0=", "expire_date": "2020-05-23T16:23:01.513Z"}}, {"model": "sessions.session", "pk": "sq5ky81ypqkzm6610bcns3scr3jng92i", "fields": {"session_data": "Y2JiNThiODY2NTYwMGI3ZmI2NmRmYjYyZGMyNDE5YjI5ZmY3MjM3MTp7Il9hdXRoX3VzZXJfaWQiOiIxIiwiX2F1dGhfdXNlcl9iYWNrZW5kIjoiZGphbmdvLmNvbnRyaWIuYXV0aC5iYWNrZW5kcy5Nb2RlbEJhY2tlbmQiLCJfYXV0aF91c2VyX2hhc2giOiI2N2M5YTBmYjExODY3MTQ2MjYzMGM3YmNlNDU0NTJjNjgxN2RlNzg2In0=", "expire_date": "2020-05-27T23:31:46.882Z"}}, {"model": "sessions.session", "pk": "ssdpx9nul08pxibgalvb8oqlkx6b295k", "fields": {"session_data": "NjgyODkyZmFhMWExYTYyMTViNWFjOTkzMDA1ZmE0MWI3YTI5MzljMTp7ImN1cnJlbmN5IjoiVVNEIiwic2Vzc2lvbi5jdXJyZW5jeV9jb2RlIjoiVVNEIn0=", "expire_date": "2020-12-11T03:39:03.267Z"}}, {"model": "sessions.session", "pk": "t0sf8rf6enq3gsz6w8as2m3t2vozfo1v", "fields": {"session_data": "MTMwYzRhOWZjYmRjYWU0MjU3NTM1OTRhZDQ3YjNlZGZkNTBiNjY2ZDp7InNlc3Npb24uY3VycmVuY3lfY29kZSI6IlVTRCIsImN1cnJlbmN5IjoiVVNEIiwiX2xhbmd1YWdlIjoidHIifQ==", "expire_date": "2020-12-09T17:52:36.125Z"}}, {"model": "sessions.session", "pk": "tuwette1c0udn8lbsxznojdvsjuiz8h7", "fields": {"session_data": "NDY0ZTdjZjc5NzkxM2M2NDVlODk3ZDZlNDIyODEwMDU4N2Q3OTYzMjp7InNlc3Npb24uY3VycmVuY3lfY29kZSI6IlVTRCJ9", "expire_date": "2020-12-08T20:09:25.345Z"}}, {"model": "sessions.session", "pk": "tzdmyunauq61u5xc621r39mbfjcv95h9", "fields": {"session_data": "ZDgyMjNmZjBhYTRhYTZkYmFmYjczODY4OWE5ZDgyYWEwYWJmOTUzNjp7Il9hdXRoX3VzZXJfaWQiOiIxIiwiX2F1dGhfdXNlcl9iYWNrZW5kIjoiZGphbmdvLmNvbnRyaWIuYXV0aC5iYWNrZW5kcy5Nb2RlbEJhY2tlbmQiLCJfYXV0aF91c2VyX2hhc2giOiJjN2ZmMWRiZjEzMjcyMTY0NTgzZDRiYjE4ZWIwYTBkMWQyN2NhMDc5In0=", "expire_date": "2020-05-13T22:59:16.428Z"}}, {"model": "sessions.session", "pk": "uc97pptnsdvqummrjtwdsultbl0ayrj7", "fields": {"session_data": "Y2JiNThiODY2NTYwMGI3ZmI2NmRmYjYyZGMyNDE5YjI5ZmY3MjM3MTp7Il9hdXRoX3VzZXJfaWQiOiIxIiwiX2F1dGhfdXNlcl9iYWNrZW5kIjoiZGphbmdvLmNvbnRyaWIuYXV0aC5iYWNrZW5kcy5Nb2RlbEJhY2tlbmQiLCJfYXV0aF91c2VyX2hhc2giOiI2N2M5YTBmYjExODY3MTQ2MjYzMGM3YmNlNDU0NTJjNjgxN2RlNzg2In0=", "expire_date": "2020-05-21T04:41:50.451Z"}}, {"model": "sessions.session", "pk": "ueg69tq5n95sa6b6kf1n45rlqrgayfvv", "fields": {"session_data": "NjgyODkyZmFhMWExYTYyMTViNWFjOTkzMDA1ZmE0MWI3YTI5MzljMTp7ImN1cnJlbmN5IjoiVVNEIiwic2Vzc2lvbi5jdXJyZW5jeV9jb2RlIjoiVVNEIn0=", "expire_date": "2020-12-08T18:11:56.277Z"}}, {"model": "sessions.session", "pk": "ulbz7rdo3uawcc2ui8awbq090ffl2o58", "fields": {"session_data": "NjgyODkyZmFhMWExYTYyMTViNWFjOTkzMDA1ZmE0MWI3YTI5MzljMTp7ImN1cnJlbmN5IjoiVVNEIiwic2Vzc2lvbi5jdXJyZW5jeV9jb2RlIjoiVVNEIn0=", "expire_date": "2020-12-08T18:08:35.537Z"}}, {"model": "sessions.session", "pk": "vatpa7mvvu3jdrtsam1j5ajlw6ug47kk", "fields": {"session_data": "N2Q3MDk1MTFmN2NlOGY2NTgwNTlhOGJjMmM1MTJjNDdhMDVjOTM1NDp7InNlc3Npb24uY3VycmVuY3lfY29kZSI6IlNBUiIsIl9hdXRoX3VzZXJfaWQiOiI1IiwiX2F1dGhfdXNlcl9iYWNrZW5kIjoiZGphbmdvLmNvbnRyaWIuYXV0aC5iYWNrZW5kcy5Nb2RlbEJhY2tlbmQiLCJfYXV0aF91c2VyX2hhc2giOiJkZDgyYjJlOGY4ZjA4YjA3NDgzMTkzN2ZjYWIzNDA3ODBiYTE3NjUyIiwidXNlcmltYWdlIjoiL3VwbG9hZHMvaW1hZ2VzL3VzZXJzL3VzZXIucG5nIiwiX2xhbmd1YWdlIjoiZW4iLCJjdXJyZW5jeSI6IlNBUiJ9", "expire_date": "2020-12-11T13:47:25.048Z"}}, {"model": "sessions.session", "pk": "w8juifxf63uamqy9mvn4zpljqtdr03j1", "fields": {"session_data": "ODNlZTYzMjkxMGQzMWQ1Y2Y2MGE5NDI2NmQ4MzU4NGEzNjc3NzNkNTp7ImN1cnJlbmN5IjoiVVNEIiwic2Vzc2lvbi5jdXJyZW5jeV9jb2RlIjoiVVNEIiwiX2F1dGhfdXNlcl9pZCI6IjEiLCJfYXV0aF91c2VyX2JhY2tlbmQiOiJkamFuZ28uY29udHJpYi5hdXRoLmJhY2tlbmRzLk1vZGVsQmFja2VuZCIsIl9hdXRoX3VzZXJfaGFzaCI6IjY3YzlhMGZiMTE4NjcxNDYyNjMwYzdiY2U0NTQ1MmM2ODE3ZGU3ODYiLCJ1c2VyaW1hZ2UiOiIvdXBsb2Fkcy9pbWFnZXMvdXNlcnMvdmVzaWthbGlrX0JUb09oRjQuanBnIiwiX2xhbmd1YWdlIjoiZW4ifQ==", "expire_date": "2020-12-10T20:53:51.772Z"}}, {"model": "sessions.session", "pk": "wgy6kuws7d0szba176cw8hei5dlwpmtc", "fields": {"session_data": "OWU1ZTAxNGQxMTc1YTc1YWI4MzMyZGI1OGZjZDUxMjU1NWJiYzkxMjp7InNlc3Npb24uY3VycmVuY3lfY29kZSI6IlVTRCIsIl9hdXRoX3VzZXJfaWQiOiIxIiwiX2F1dGhfdXNlcl9iYWNrZW5kIjoiZGphbmdvLmNvbnRyaWIuYXV0aC5iYWNrZW5kcy5Nb2RlbEJhY2tlbmQiLCJfYXV0aF91c2VyX2hhc2giOiI2N2M5YTBmYjExODY3MTQ2MjYzMGM3YmNlNDU0NTJjNjgxN2RlNzg2In0=", "expire_date": "2020-12-08T20:32:33.879Z"}}, {"model": "sessions.session", "pk": "xa997n1vm0h12w2b5w3k24th6uc4vbwd", "fields": {"session_data": "NjgyODkyZmFhMWExYTYyMTViNWFjOTkzMDA1ZmE0MWI3YTI5MzljMTp7ImN1cnJlbmN5IjoiVVNEIiwic2Vzc2lvbi5jdXJyZW5jeV9jb2RlIjoiVVNEIn0=", "expire_date": "2020-12-08T22:02:10.686Z"}}, {"model": "sessions.session", "pk": "xc5ggx7ji7nyki7y2edcll3mr4ukdcba", "fields": {"session_data": "NjgyODkyZmFhMWExYTYyMTViNWFjOTkzMDA1ZmE0MWI3YTI5MzljMTp7ImN1cnJlbmN5IjoiVVNEIiwic2Vzc2lvbi5jdXJyZW5jeV9jb2RlIjoiVVNEIn0=", "expire_date": "2020-12-08T21:11:32.575Z"}}, {"model": "sessions.session", "pk": "yjmxtyc5qu5elcxogjm7nnuiy07rexek", "fields": {"session_data": "MmZkYTU4YmJlZWQxYWMwZDE2YWI2YTFmMTkzYTk4ZGZkMjYwMzE5NDp7Il9sYW5ndWFnZSI6ImVuLXVzIn0=", "expire_date": "2020-06-09T19:58:12.856Z"}}, {"model": "sessions.session", "pk": "z19vfr2os0eeb5l1f7yx7fcwr8mg72kw", "fields": {"session_data": "YmQwMGViODBiOWI0YzllYzVhZGNmMGM1OWFhYmFiNzM0ZGE5MDE2Yzp7InNlc3Npb24uY3VycmVuY3lfY29kZSI6IlVTRCIsImN1cnJlbmN5IjoiVVNEIiwiX2F1dGhfdXNlcl9pZCI6IjEiLCJfYXV0aF91c2VyX2JhY2tlbmQiOiJkamFuZ28uY29udHJpYi5hdXRoLmJhY2tlbmRzLk1vZGVsQmFja2VuZCIsIl9hdXRoX3VzZXJfaGFzaCI6IjY3YzlhMGZiMTE4NjcxNDYyNjMwYzdiY2U0NTQ1MmM2ODE3ZGU3ODYiLCJ1c2VyaW1hZ2UiOiIvdXBsb2Fkcy9pbWFnZXMvdXNlcnMvdmVzaWthbGlrX0JUb09oRjQuanBnIiwiX2xhbmd1YWdlIjoiZW4ifQ==", "expire_date": "2020-12-10T21:09:25.244Z"}}, {"model": "sessions.session", "pk": "z2nru0wbo0s7bvqsud4ibfyfuypc2lb4", "fields": {"session_data": "NjgyODkyZmFhMWExYTYyMTViNWFjOTkzMDA1ZmE0MWI3YTI5MzljMTp7ImN1cnJlbmN5IjoiVVNEIiwic2Vzc2lvbi5jdXJyZW5jeV9jb2RlIjoiVVNEIn0=", "expire_date": "2020-12-08T18:09:37.419Z"}}, {"model": "sessions.session", "pk": "z7k0satpjaaycuk4xz59dfh9q386qq82", "fields": {"session_data": "NjgyODkyZmFhMWExYTYyMTViNWFjOTkzMDA1ZmE0MWI3YTI5MzljMTp7ImN1cnJlbmN5IjoiVVNEIiwic2Vzc2lvbi5jdXJyZW5jeV9jb2RlIjoiVVNEIn0=", "expire_date": "2020-12-08T18:06:33.327Z"}}, {"model": "sessions.session", "pk": "z7v0q60tpwlljizoe5n8k64d42kl5rtv", "fields": {"session_data": "NDFkMmIxNjRhNzI5MTJiMWFmODljYzRhYjRiZGY2YmU3MjQ1YzQ3NDp7ImN1cnJlbmN5IjoiU0FSIiwic2Vzc2lvbi5jdXJyZW5jeV9jb2RlIjoiU0FSIn0=", "expire_date": "2020-12-13T18:02:23.621Z"}}, {"model": "sessions.session", "pk": "z80udtikut1tcvu6obqhqayjd7f3ckyn", "fields": {"session_data": "NDY0ZTdjZjc5NzkxM2M2NDVlODk3ZDZlNDIyODEwMDU4N2Q3OTYzMjp7InNlc3Npb24uY3VycmVuY3lfY29kZSI6IlVTRCJ9", "expire_date": "2020-12-09T14:27:38.238Z"}}, {"model": "sessions.session", "pk": "zdmf4b0v30xnmzkd4wplhhj33ahmpxh7", "fields": {"session_data": "NjgyODkyZmFhMWExYTYyMTViNWFjOTkzMDA1ZmE0MWI3YTI5MzljMTp7ImN1cnJlbmN5IjoiVVNEIiwic2Vzc2lvbi5jdXJyZW5jeV9jb2RlIjoiVVNEIn0=", "expire_date": "2020-12-08T21:15:40.417Z"}}, {"model": "sessions.session", "pk": "zs7e6k0tgvepvn13lvzrkeob5cxqdg25", "fields": {"session_data": "Y2JiNThiODY2NTYwMGI3ZmI2NmRmYjYyZGMyNDE5YjI5ZmY3MjM3MTp7Il9hdXRoX3VzZXJfaWQiOiIxIiwiX2F1dGhfdXNlcl9iYWNrZW5kIjoiZGphbmdvLmNvbnRyaWIuYXV0aC5iYWNrZW5kcy5Nb2RlbEJhY2tlbmQiLCJfYXV0aF91c2VyX2hhc2giOiI2N2M5YTBmYjExODY3MTQ2MjYzMGM3YmNlNDU0NTJjNjgxN2RlNzg2In0=", "expire_date": "2020-05-31T12:01:10.535Z"}}, {"model": "currencies.currency", "pk": "EUR", "fields": {"name": "Euro", "symbol": "\u20ac", "factor": "1.0000000000", "is_active": false, "is_base": false, "is_default": false, "info": "{\"Created\":\"2020-11-25T15:18:28.537083\",\"Modified\":\"2020-11-25T15:18:28.537083\"}"}}, {"model": "currencies.currency", "pk": "SAR", "fields": {"name": "Saudi Riyal", "symbol": "\ufdfc", "factor": "1.0000000000", "is_active": true, "is_base": true, "is_default": true, "info": "{\"Created\":\"2020-11-25T15:22:56.038570\",\"Modified\":\"2020-11-25T15:22:56.038570\"}"}}, {"model": "currencies.currency", "pk": "TRY", "fields": {"name": "Turkish Lira", "symbol": "\u20ba", "factor": "6.7800000000", "is_active": false, "is_base": false, "is_default": false, "info": "{}"}}, {"model": "currencies.currency", "pk": "USD", "fields": {"name": "US Dollar", "symbol": "$", "factor": "1.0000000000", "is_active": true, "is_base": false, "is_default": false, "info": "{}"}}, {"model": "auth.permission", "pk": 1, "fields": {"name": "Can add category", "content_type": 1, "codename": "add_category"}}, {"model": "auth.permission", "pk": 2, "fields": {"name": "Can change category", "content_type": 1, "codename": "change_category"}}, {"model": "auth.permission", "pk": 3, "fields": {"name": "Can delete category", "content_type": 1, "codename": "delete_category"}}, {"model": "auth.permission", "pk": 4, "fields": {"name": "Can view category", "content_type": 1, "codename": "view_category"}}, {"model": "auth.permission", "pk": 5, "fields": {"name": "Can add log entry", "content_type": 2, "codename": "add_logentry"}}, {"model": "auth.permission", "pk": 6, "fields": {"name": "Can change log entry", "content_type": 2, "codename": "change_logentry"}}, {"model": "auth.permission", "pk": 7, "fields": {"name": "Can delete log entry", "content_type": 2, "codename": "delete_logentry"}}, {"model": "auth.permission", "pk": 8, "fields": {"name": "Can view log entry", "content_type": 2, "codename": "view_logentry"}}, {"model": "auth.permission", "pk": 9, "fields": {"name": "Can add permission", "content_type": 3, "codename": "add_permission"}}, {"model": "auth.permission", "pk": 10, "fields": {"name": "Can change permission", "content_type": 3, "codename": "change_permission"}}, {"model": "auth.permission", "pk": 11, "fields": {"name": "Can delete permission", "content_type": 3, "codename": "delete_permission"}}, {"model": "auth.permission", "pk": 12, "fields": {"name": "Can view permission", "content_type": 3, "codename": "view_permission"}}, {"model": "auth.permission", "pk": 13, "fields": {"name": "Can add group", "content_type": 4, "codename": "add_group"}}, {"model": "auth.permission", "pk": 14, "fields": {"name": "Can change group", "content_type": 4, "codename": "change_group"}}, {"model": "auth.permission", "pk": 15, "fields": {"name": "Can delete group", "content_type": 4, "codename": "delete_group"}}, {"model": "auth.permission", "pk": 16, "fields": {"name": "Can view group", "content_type": 4, "codename": "view_group"}}, {"model": "auth.permission", "pk": 17, "fields": {"name": "Can add user", "content_type": 5, "codename": "add_user"}}, {"model": "auth.permission", "pk": 18, "fields": {"name": "Can change user", "content_type": 5, "codename": "change_user"}}, {"model": "auth.permission", "pk": 19, "fields": {"name": "Can delete user", "content_type": 5, "codename": "delete_user"}}, {"model": "auth.permission", "pk": 20, "fields": {"name": "Can view user", "content_type": 5, "codename": "view_user"}}, {"model": "auth.permission", "pk": 21, "fields": {"name": "Can add content type", "content_type": 6, "codename": "add_contenttype"}}, {"model": "auth.permission", "pk": 22, "fields": {"name": "Can change content type", "content_type": 6, "codename": "change_contenttype"}}, {"model": "auth.permission", "pk": 23, "fields": {"name": "Can delete content type", "content_type": 6, "codename": "delete_contenttype"}}, {"model": "auth.permission", "pk": 24, "fields": {"name": "Can view content type", "content_type": 6, "codename": "view_contenttype"}}, {"model": "auth.permission", "pk": 25, "fields": {"name": "Can add session", "content_type": 7, "codename": "add_session"}}, {"model": "auth.permission", "pk": 26, "fields": {"name": "Can change session", "content_type": 7, "codename": "change_session"}}, {"model": "auth.permission", "pk": 27, "fields": {"name": "Can delete session", "content_type": 7, "codename": "delete_session"}}, {"model": "auth.permission", "pk": 28, "fields": {"name": "Can view session", "content_type": 7, "codename": "view_session"}}, {"model": "auth.permission", "pk": 29, "fields": {"name": "Can add product", "content_type": 8, "codename": "add_product"}}, {"model": "auth.permission", "pk": 30, "fields": {"name": "Can change product", "content_type": 8, "codename": "change_product"}}, {"model": "auth.permission", "pk": 31, "fields": {"name": "Can delete product", "content_type": 8, "codename": "delete_product"}}, {"model": "auth.permission", "pk": 32, "fields": {"name": "Can view product", "content_type": 8, "codename": "view_product"}}, {"model": "auth.permission", "pk": 33, "fields": {"name": "Can add images", "content_type": 9, "codename": "add_images"}}, {"model": "auth.permission", "pk": 34, "fields": {"name": "Can change images", "content_type": 9, "codename": "change_images"}}, {"model": "auth.permission", "pk": 35, "fields": {"name": "Can delete images", "content_type": 9, "codename": "delete_images"}}, {"model": "auth.permission", "pk": 36, "fields": {"name": "Can view images", "content_type": 9, "codename": "view_images"}}, {"model": "auth.permission", "pk": 37, "fields": {"name": "Can add contact message", "content_type": 10, "codename": "add_contactmessage"}}, {"model": "auth.permission", "pk": 38, "fields": {"name": "Can change contact message", "content_type": 10, "codename": "change_contactmessage"}}, {"model": "auth.permission", "pk": 39, "fields": {"name": "Can delete contact message", "content_type": 10, "codename": "delete_contactmessage"}}, {"model": "auth.permission", "pk": 40, "fields": {"name": "Can view contact message", "content_type": 10, "codename": "view_contactmessage"}}, {"model": "auth.permission", "pk": 41, "fields": {"name": "Can add setting", "content_type": 11, "codename": "add_setting"}}, {"model": "auth.permission", "pk": 42, "fields": {"name": "Can change setting", "content_type": 11, "codename": "change_setting"}}, {"model": "auth.permission", "pk": 43, "fields": {"name": "Can delete setting", "content_type": 11, "codename": "delete_setting"}}, {"model": "auth.permission", "pk": 44, "fields": {"name": "Can view setting", "content_type": 11, "codename": "view_setting"}}, {"model": "auth.permission", "pk": 45, "fields": {"name": "Can add comment", "content_type": 12, "codename": "add_comment"}}, {"model": "auth.permission", "pk": 46, "fields": {"name": "Can change comment", "content_type": 12, "codename": "change_comment"}}, {"model": "auth.permission", "pk": 47, "fields": {"name": "Can delete comment", "content_type": 12, "codename": "delete_comment"}}, {"model": "auth.permission", "pk": 48, "fields": {"name": "Can view comment", "content_type": 12, "codename": "view_comment"}}, {"model": "auth.permission", "pk": 49, "fields": {"name": "Can add shop cart", "content_type": 13, "codename": "add_shopcart"}}, {"model": "auth.permission", "pk": 50, "fields": {"name": "Can change shop cart", "content_type": 13, "codename": "change_shopcart"}}, {"model": "auth.permission", "pk": 51, "fields": {"name": "Can delete shop cart", "content_type": 13, "codename": "delete_shopcart"}}, {"model": "auth.permission", "pk": 52, "fields": {"name": "Can view shop cart", "content_type": 13, "codename": "view_shopcart"}}, {"model": "auth.permission", "pk": 53, "fields": {"name": "Can add user profile", "content_type": 14, "codename": "add_userprofile"}}, {"model": "auth.permission", "pk": 54, "fields": {"name": "Can change user profile", "content_type": 14, "codename": "change_userprofile"}}, {"model": "auth.permission", "pk": 55, "fields": {"name": "Can delete user profile", "content_type": 14, "codename": "delete_userprofile"}}, {"model": "auth.permission", "pk": 56, "fields": {"name": "Can view user profile", "content_type": 14, "codename": "view_userprofile"}}, {"model": "auth.permission", "pk": 57, "fields": {"name": "Can add user profile", "content_type": 15, "codename": "add_userprofile"}}, {"model": "auth.permission", "pk": 58, "fields": {"name": "Can change user profile", "content_type": 15, "codename": "change_userprofile"}}, {"model": "auth.permission", "pk": 59, "fields": {"name": "Can delete user profile", "content_type": 15, "codename": "delete_userprofile"}}, {"model": "auth.permission", "pk": 60, "fields": {"name": "Can view user profile", "content_type": 15, "codename": "view_userprofile"}}, {"model": "auth.permission", "pk": 61, "fields": {"name": "Can add order", "content_type": 16, "codename": "add_order"}}, {"model": "auth.permission", "pk": 62, "fields": {"name": "Can change order", "content_type": 16, "codename": "change_order"}}, {"model": "auth.permission", "pk": 63, "fields": {"name": "Can delete order", "content_type": 16, "codename": "delete_order"}}, {"model": "auth.permission", "pk": 64, "fields": {"name": "Can view order", "content_type": 16, "codename": "view_order"}}, {"model": "auth.permission", "pk": 65, "fields": {"name": "Can add order product", "content_type": 17, "codename": "add_orderproduct"}}, {"model": "auth.permission", "pk": 66, "fields": {"name": "Can change order product", "content_type": 17, "codename": "change_orderproduct"}}, {"model": "auth.permission", "pk": 67, "fields": {"name": "Can delete order product", "content_type": 17, "codename": "delete_orderproduct"}}, {"model": "auth.permission", "pk": 68, "fields": {"name": "Can view order product", "content_type": 17, "codename": "view_orderproduct"}}, {"model": "auth.permission", "pk": 69, "fields": {"name": "Can add category", "content_type": 18, "codename": "add_category"}}, {"model": "auth.permission", "pk": 70, "fields": {"name": "Can change category", "content_type": 18, "codename": "change_category"}}, {"model": "auth.permission", "pk": 71, "fields": {"name": "Can delete category", "content_type": 18, "codename": "delete_category"}}, {"model": "auth.permission", "pk": 72, "fields": {"name": "Can view category", "content_type": 18, "codename": "view_category"}}, {"model": "auth.permission", "pk": 73, "fields": {"name": "Can add faq", "content_type": 18, "codename": "add_faq"}}, {"model": "auth.permission", "pk": 74, "fields": {"name": "Can change faq", "content_type": 18, "codename": "change_faq"}}, {"model": "auth.permission", "pk": 75, "fields": {"name": "Can delete faq", "content_type": 18, "codename": "delete_faq"}}, {"model": "auth.permission", "pk": 76, "fields": {"name": "Can view faq", "content_type": 18, "codename": "view_faq"}}, {"model": "auth.permission", "pk": 77, "fields": {"name": "Can add color", "content_type": 19, "codename": "add_color"}}, {"model": "auth.permission", "pk": 78, "fields": {"name": "Can change color", "content_type": 19, "codename": "change_color"}}, {"model": "auth.permission", "pk": 79, "fields": {"name": "Can delete color", "content_type": 19, "codename": "delete_color"}}, {"model": "auth.permission", "pk": 80, "fields": {"name": "Can view color", "content_type": 19, "codename": "view_color"}}, {"model": "auth.permission", "pk": 81, "fields": {"name": "Can add size", "content_type": 20, "codename": "add_size"}}, {"model": "auth.permission", "pk": 82, "fields": {"name": "Can change size", "content_type": 20, "codename": "change_size"}}, {"model": "auth.permission", "pk": 83, "fields": {"name": "Can delete size", "content_type": 20, "codename": "delete_size"}}, {"model": "auth.permission", "pk": 84, "fields": {"name": "Can view size", "content_type": 20, "codename": "view_size"}}, {"model": "auth.permission", "pk": 85, "fields": {"name": "Can add variations", "content_type": 21, "codename": "add_variations"}}, {"model": "auth.permission", "pk": 86, "fields": {"name": "Can change variations", "content_type": 21, "codename": "change_variations"}}, {"model": "auth.permission", "pk": 87, "fields": {"name": "Can delete variations", "content_type": 21, "codename": "delete_variations"}}, {"model": "auth.permission", "pk": 88, "fields": {"name": "Can view variations", "content_type": 21, "codename": "view_variations"}}, {"model": "auth.permission", "pk": 89, "fields": {"name": "Can add variants", "content_type": 22, "codename": "add_variants"}}, {"model": "auth.permission", "pk": 90, "fields": {"name": "Can change variants", "content_type": 22, "codename": "change_variants"}}, {"model": "auth.permission", "pk": 91, "fields": {"name": "Can delete variants", "content_type": 22, "codename": "delete_variants"}}, {"model": "auth.permission", "pk": 92, "fields": {"name": "Can view variants", "content_type": 22, "codename": "view_variants"}}, {"model": "auth.permission", "pk": 93, "fields": {"name": "Can add currency", "content_type": 23, "codename": "add_currency"}}, {"model": "auth.permission", "pk": 94, "fields": {"name": "Can change currency", "content_type": 23, "codename": "change_currency"}}, {"model": "auth.permission", "pk": 95, "fields": {"name": "Can delete currency", "content_type": 23, "codename": "delete_currency"}}, {"model": "auth.permission", "pk": 96, "fields": {"name": "Can view currency", "content_type": 23, "codename": "view_currency"}}, {"model": "auth.permission", "pk": 97, "fields": {"name": "Can add language", "content_type": 24, "codename": "add_language"}}, {"model": "auth.permission", "pk": 98, "fields": {"name": "Can change language", "content_type": 24, "codename": "change_language"}}, {"model": "auth.permission", "pk": 99, "fields": {"name": "Can delete language", "content_type": 24, "codename": "delete_language"}}, {"model": "auth.permission", "pk": 100, "fields": {"name": "Can view language", "content_type": 24, "codename": "view_language"}}, {"model": "auth.permission", "pk": 101, "fields": {"name": "Can add product lang", "content_type": 25, "codename": "add_productlang"}}, {"model": "auth.permission", "pk": 102, "fields": {"name": "Can change product lang", "content_type": 25, "codename": "change_productlang"}}, {"model": "auth.permission", "pk": 103, "fields": {"name": "Can delete product lang", "content_type": 25, "codename": "delete_productlang"}}, {"model": "auth.permission", "pk": 104, "fields": {"name": "Can view product lang", "content_type": 25, "codename": "view_productlang"}}, {"model": "auth.permission", "pk": 105, "fields": {"name": "Can add category lang", "content_type": 26, "codename": "add_categorylang"}}, {"model": "auth.permission", "pk": 106, "fields": {"name": "Can change category lang", "content_type": 26, "codename": "change_categorylang"}}, {"model": "auth.permission", "pk": 107, "fields": {"name": "Can delete category lang", "content_type": 26, "codename": "delete_categorylang"}}, {"model": "auth.permission", "pk": 108, "fields": {"name": "Can view category lang", "content_type": 26, "codename": "view_categorylang"}}, {"model": "auth.permission", "pk": 109, "fields": {"name": "Can add setting lang", "content_type": 27, "codename": "add_settinglang"}}, {"model": "auth.permission", "pk": 110, "fields": {"name": "Can change setting lang", "content_type": 27, "codename": "change_settinglang"}}, {"model": "auth.permission", "pk": 111, "fields": {"name": "Can delete setting lang", "content_type": 27, "codename": "delete_settinglang"}}, {"model": "auth.permission", "pk": 112, "fields": {"name": "Can view setting lang", "content_type": 27, "codename": "view_settinglang"}}, {"model": "auth.permission", "pk": 113, "fields": {"name": "Can add currency", "content_type": 28, "codename": "add_currency"}}, {"model": "auth.permission", "pk": 114, "fields": {"name": "Can change currency", "content_type": 28, "codename": "change_currency"}}, {"model": "auth.permission", "pk": 115, "fields": {"name": "Can delete currency", "content_type": 28, "codename": "delete_currency"}}, {"model": "auth.permission", "pk": 116, "fields": {"name": "Can view currency", "content_type": 28, "codename": "view_currency"}}, {"model": "auth.permission", "pk": 117, "fields": {"name": "Can add user profilex", "content_type": 29, "codename": "add_userprofilex"}}, {"model": "auth.permission", "pk": 118, "fields": {"name": "Can change user profilex", "content_type": 29, "codename": "change_userprofilex"}}, {"model": "auth.permission", "pk": 119, "fields": {"name": "Can delete user profilex", "content_type": 29, "codename": "delete_userprofilex"}}, {"model": "auth.permission", "pk": 120, "fields": {"name": "Can view user profilex", "content_type": 29, "codename": "view_userprofilex"}}, {"model": "auth.user", "pk": 1, "fields": {"password": "pbkdf2_sha256$180000$IPjFkTvwrqzq$0mrFyrO2Eup00vKzFbdbaIJOs0YsyBUhe+E75rAwY4I=", "last_login": "2020-12-02T12:24:54.311Z", "is_superuser": true, "username": "admin", "first_name": "Alex", "last_name": "White", "email": "celikyuksell@gmail.com", "is_staff": true, "is_active": true, "date_joined": "2020-03-11T18:20:09Z", "groups": [], "user_permissions": []}}, {"model": "auth.user", "pk": 2, "fields": {"password": "pbkdf2_sha256$180000$EAsvyT15aGxN$XNs+K48/es8tY1JYbsCHzmF3Fx7cBqX4VEWx7PB9NOM=", "last_login": "2020-07-03T20:32:16.905Z", "is_superuser": false, "username": "yuksel", "first_name": "Yuksel", "last_name": "Celik", "email": "bedirhan@gmail.com", "is_staff": true, "is_active": true, "date_joined": "2020-05-02T17:51:28Z", "groups": [], "user_permissions": []}}, {"model": "auth.user", "pk": 3, "fields": {"password": "pbkdf2_sha256$180000$fTaQ6azidVuM$NJLiYGjDyJr82UDnteAOkQNfUDKRYOvosxKDjgfW3Xs=", "last_login": "2020-07-03T21:08:11.670Z", "is_superuser": false, "username": "julia", "first_name": "Julia", "last_name": "Roberts", "email": "julia@gmail.com", "is_staff": false, "is_active": true, "date_joined": "2020-05-13T16:33:59.005Z", "groups": [], "user_permissions": []}}, {"model": "auth.user", "pk": 4, "fields": {"password": "pbkdf2_sha256$180000$Jaaht5gC07ZA$kyJlDHy4hnlOUPls78JmmSYVcowmoEVWkDjAeXPphpg=", "last_login": "2020-11-27T13:47:05.340Z", "is_superuser": true, "username": "issa", "first_name": "", "last_name": "", "email": "", "is_staff": true, "is_active": true, "date_joined": "2020-11-27T03:35:04.749Z", "groups": [], "user_permissions": []}}, {"model": "auth.user", "pk": 5, "fields": {"password": "pbkdf2_sha256$180000$g0uTF1S1PJpp$KzTAFPssbU5mWtGgF/4sRko3Z0BSx7g/lJ8RGFHJUdA=", "last_login": "2020-11-27T13:47:24.719Z", "is_superuser": false, "username": "shergy", "first_name": "shergy", "last_name": "shergy", "email": "shergy123.im@gmail.com", "is_staff": false, "is_active": true, "date_joined": "2020-11-27T03:42:39.996Z", "groups": [], "user_permissions": []}}, {"model": "auth.user", "pk": 6, "fields": {"password": "pbkdf2_sha256$180000$UhmKLvh4V4TI$AJ7Bk5wxzH8p7tVJi8QM1r7UjghIJMHpVSjFH2oNDlg=", "last_login": "2020-11-27T04:03:17.170Z", "is_superuser": false, "username": "mmo", "first_name": "issa", "last_name": "mmo", "email": "shergy123.im@gmail.com", "is_staff": false, "is_active": true, "date_joined": "2020-11-27T04:01:23.629Z", "groups": [], "user_permissions": []}}, {"model": "auth.user", "pk": 7, "fields": {"password": "pbkdf2_sha256$180000$8YHD5vqTiC5s$wmTBOz1DycGEGRKb1qjee7LzVrffRQ3wWOu0maYy9X8=", "last_login": "2020-11-27T04:40:39.716Z", "is_superuser": false, "username": "ali", "first_name": "ali", "last_name": "ali", "email": "info@soonmarket.com", "is_staff": false, "is_active": true, "date_joined": "2020-11-27T04:40:38.555Z", "groups": [], "user_permissions": []}}, {"model": "auth.user", "pk": 8, "fields": {"password": "pbkdf2_sha256$180000$XoqSdtfMcClT$J6U44Yu1/8uwzHktn8pLIoqi5/hWL8GRL+J3OHU2KWQ=", "last_login": "2020-11-27T04:47:30.457Z", "is_superuser": false, "username": "op", "first_name": "op", "last_name": "op", "email": "info@soonmarket.com", "is_staff": false, "is_active": true, "date_joined": "2020-11-27T04:47:29.274Z", "groups": [], "user_permissions": []}}, {"model": "auth.user", "pk": 9, "fields": {"password": "pbkdf2_sha256$180000$dnx4AveeppPi$T9hzMlta9atNLwfJuZts4afDRm0kukWJshoMIPPO564=", "last_login": "2020-11-30T11:52:46.262Z", "is_superuser": false, "username": "Mohamed", "first_name": "Mohamed", "last_name": "Mohamed", "email": "info@soonmarket.com", "is_staff": false, "is_active": true, "date_joined": "2020-11-27T05:11:03.052Z", "groups": [], "user_permissions": []}}, {"model": "auth.user", "pk": 10, "fields": {"password": "pbkdf2_sha256$180000$ei3nbQtQPH8g$ij60uGMskZfJi+OrPEnIw3s1jvMYmDOzUnNZJTu2YIU=", "last_login": "2020-11-27T13:32:57.204Z", "is_superuser": true, "username": "dd", "first_name": "", "last_name": "", "email": "", "is_staff": true, "is_active": true, "date_joined": "2020-11-27T12:48:11.472Z", "groups": [], "user_permissions": []}}, {"model": "auth.user", "pk": 11, "fields": {"password": "pbkdf2_sha256$180000$NfWwExpMse8f$ycjwPwiKQXk6kE2uq819NNdPBVzXQV3urtmQNIZpWeQ=", "last_login": "2020-11-27T13:38:30.061Z", "is_superuser": false, "username": "issa22", "first_name": "issa22", "last_name": "issa22", "email": "shergy123.im@gmail.com", "is_staff": false, "is_active": true, "date_joined": "2020-11-27T13:38:28.188Z", "groups": [], "user_permissions": []}}, {"model": "auth.user", "pk": 12, "fields": {"password": "pbkdf2_sha256$180000$aR9kHzpBOXui$A+hUXqPR6dZ9lXEEvnFjZwEAr32cqDMn8oPR9FI2SJs=", "last_login": "2020-11-29T18:41:17.290Z", "is_superuser": true, "username": "kingbibah", "first_name": "", "last_name": "", "email": "oyerohabibo@yahoo.com", "is_staff": true, "is_active": true, "date_joined": "2020-11-27T21:04:43.098Z", "groups": [], "user_permissions": []}}, {"model": "admin.logentry", "pk": 1, "fields": {"action_time": "2020-03-11T18:22:03.590Z", "user": 1, "content_type": 5, "object_id": "1", "object_repr": "admin", "action_flag": 2, "change_message": "[{\"changed\": {\"fields\": [\"First name\", \"Last name\"]}}]"}}, {"model": "admin.logentry", "pk": 2, "fields": {"action_time": "2020-03-11T18:25:03.357Z", "user": 1, "content_type": 1, "object_id": "1", "object_repr": "Category object (1)", "action_flag": 1, "change_message": "[{\"added\": {}}]"}}, {"model": "admin.logentry", "pk": 3, "fields": {"action_time": "2020-03-11T18:29:45.832Z", "user": 1, "content_type": 1, "object_id": "1", "object_repr": "Computer Description", "action_flag": 2, "change_message": "[{\"changed\": {\"fields\": [\"Image\"]}}]"}}, {"model": "admin.logentry", "pk": 4, "fields": {"action_time": "2020-03-11T18:30:37.417Z", "user": 1, "content_type": 1, "object_id": "1", "object_repr": "Computer", "action_flag": 2, "change_message": "[{\"changed\": {\"fields\": [\"Title\", \"Description\"]}}]"}}, {"model": "admin.logentry", "pk": 5, "fields": {"action_time": "2020-03-11T18:31:23.492Z", "user": 1, "content_type": 1, "object_id": "2", "object_repr": "Electronics", "action_flag": 1, "change_message": "[{\"added\": {}}]"}}, {"model": "admin.logentry", "pk": 6, "fields": {"action_time": "2020-03-11T18:32:01.679Z", "user": 1, "content_type": 1, "object_id": "3", "object_repr": "Desktop Computer", "action_flag": 1, "change_message": "[{\"added\": {}}]"}}, {"model": "admin.logentry", "pk": 7, "fields": {"action_time": "2020-03-11T18:32:37.403Z", "user": 1, "content_type": 1, "object_id": "4", "object_repr": "Laptop Computer", "action_flag": 1, "change_message": "[{\"added\": {}}]"}}, {"model": "admin.logentry", "pk": 8, "fields": {"action_time": "2020-03-11T18:47:41.410Z", "user": 1, "content_type": 8, "object_id": "1", "object_repr": "HP All-in-One - 22-c1063in", "action_flag": 1, "change_message": "[{\"added\": {}}]"}}, {"model": "admin.logentry", "pk": 9, "fields": {"action_time": "2020-03-11T18:50:51.549Z", "user": 1, "content_type": 8, "object_id": "2", "object_repr": "ASUS VivoBook F510UA 15.6\u201d Full HD Nanoedge Laptop, Intel Core i5-8250U Processo", "action_flag": 1, "change_message": "[{\"added\": {}}]"}}, {"model": "admin.logentry", "pk": 10, "fields": {"action_time": "2020-03-11T18:53:25.231Z", "user": 1, "content_type": 1, "object_id": "2", "object_repr": "Electronics", "action_flag": 2, "change_message": "[{\"changed\": {\"fields\": [\"Status\"]}}]"}}, {"model": "admin.logentry", "pk": 11, "fields": {"action_time": "2020-04-18T01:17:01.868Z", "user": 1, "content_type": 11, "object_id": "1", "object_repr": "BestBudy Shopping Center", "action_flag": 1, "change_message": "[{\"added\": {}}]"}}, {"model": "admin.logentry", "pk": 12, "fields": {"action_time": "2020-04-18T01:19:19.073Z", "user": 1, "content_type": 1, "object_id": "1", "object_repr": "Computer", "action_flag": 2, "change_message": "[]"}}, {"model": "admin.logentry", "pk": 13, "fields": {"action_time": "2020-04-18T01:20:23.669Z", "user": 1, "content_type": 1, "object_id": "5", "object_repr": "Computers", "action_flag": 1, "change_message": "[{\"added\": {}}]"}}, {"model": "admin.logentry", "pk": 14, "fields": {"action_time": "2020-04-18T01:21:26.236Z", "user": 1, "content_type": 8, "object_id": "2", "object_repr": "ASUS VivoBook F510UA 15.6\u201d Full HD Nanoedge Laptop, Intel Core i5-8250U Processo", "action_flag": 2, "change_message": "[{\"changed\": {\"fields\": [\"Category\", \"Detail\"]}}]"}}, {"model": "admin.logentry", "pk": 15, "fields": {"action_time": "2020-04-18T01:21:35.584Z", "user": 1, "content_type": 8, "object_id": "1", "object_repr": "HP All-in-One - 22-c1063in", "action_flag": 2, "change_message": "[{\"changed\": {\"fields\": [\"Category\", \"Detail\"]}}]"}}, {"model": "admin.logentry", "pk": 16, "fields": {"action_time": "2020-04-18T01:21:51.128Z", "user": 1, "content_type": 1, "object_id": "4", "object_repr": "Laptop Computer", "action_flag": 3, "change_message": ""}}, {"model": "admin.logentry", "pk": 17, "fields": {"action_time": "2020-04-18T01:21:51.204Z", "user": 1, "content_type": 1, "object_id": "3", "object_repr": "Desktop Computer", "action_flag": 3, "change_message": ""}}, {"model": "admin.logentry", "pk": 18, "fields": {"action_time": "2020-04-18T01:21:51.265Z", "user": 1, "content_type": 1, "object_id": "2", "object_repr": "Electronics", "action_flag": 3, "change_message": ""}}, {"model": "admin.logentry", "pk": 19, "fields": {"action_time": "2020-04-18T01:21:51.298Z", "user": 1, "content_type": 1, "object_id": "1", "object_repr": "Computer", "action_flag": 3, "change_message": ""}}, {"model": "admin.logentry", "pk": 20, "fields": {"action_time": "2020-04-18T01:22:16.341Z", "user": 1, "content_type": 1, "object_id": "6", "object_repr": "Laptop Computers", "action_flag": 1, "change_message": "[{\"added\": {}}]"}}, {"model": "admin.logentry", "pk": 21, "fields": {"action_time": "2020-04-18T01:23:27.225Z", "user": 1, "content_type": 1, "object_id": "7", "object_repr": "Desktop Computer", "action_flag": 1, "change_message": "[{\"added\": {}}]"}}, {"model": "admin.logentry", "pk": 22, "fields": {"action_time": "2020-04-18T01:24:10.770Z", "user": 1, "content_type": 1, "object_id": "8", "object_repr": "Electronics", "action_flag": 1, "change_message": "[{\"added\": {}}]"}}, {"model": "admin.logentry", "pk": 23, "fields": {"action_time": "2020-04-18T01:24:51.307Z", "user": 1, "content_type": 1, "object_id": "9", "object_repr": "Television", "action_flag": 1, "change_message": "[{\"added\": {}}]"}}, {"model": "admin.logentry", "pk": 24, "fields": {"action_time": "2020-04-18T01:25:33.403Z", "user": 1, "content_type": 1, "object_id": "10", "object_repr": "Mp3 Player", "action_flag": 1, "change_message": "[{\"added\": {}}]"}}, {"model": "admin.logentry", "pk": 25, "fields": {"action_time": "2020-04-18T01:27:01.995Z", "user": 1, "content_type": 8, "object_id": "2", "object_repr": "ASUS VivoBook F510UA 15.6\u201d Full HD Nanoedge Laptop, Intel Core i5-8250U Processo", "action_flag": 2, "change_message": "[{\"changed\": {\"fields\": [\"Category\"]}}]"}}, {"model": "admin.logentry", "pk": 26, "fields": {"action_time": "2020-04-18T01:27:19.659Z", "user": 1, "content_type": 8, "object_id": "1", "object_repr": "HP All-in-One - 22-c1063in", "action_flag": 2, "change_message": "[{\"changed\": {\"fields\": [\"Category\"]}}]"}}, {"model": "admin.logentry", "pk": 27, "fields": {"action_time": "2020-04-19T01:27:46.248Z", "user": 1, "content_type": 1, "object_id": "11", "object_repr": "Phone", "action_flag": 1, "change_message": "[{\"added\": {}}]"}}, {"model": "admin.logentry", "pk": 28, "fields": {"action_time": "2020-04-19T01:28:11.828Z", "user": 1, "content_type": 1, "object_id": "12", "object_repr": "Smart Phone", "action_flag": 1, "change_message": "[{\"added\": {}}]"}}, {"model": "admin.logentry", "pk": 29, "fields": {"action_time": "2020-04-19T01:28:32.381Z", "user": 1, "content_type": 1, "object_id": "13", "object_repr": "Desktop Phone", "action_flag": 1, "change_message": "[{\"added\": {}}]"}}, {"model": "admin.logentry", "pk": 30, "fields": {"action_time": "2020-04-19T01:28:49.973Z", "user": 1, "content_type": 1, "object_id": "12", "object_repr": "Phone / Smart Phone", "action_flag": 2, "change_message": "[{\"changed\": {\"fields\": [\"Parent\"]}}]"}}, {"model": "admin.logentry", "pk": 31, "fields": {"action_time": "2020-04-19T01:29:02.606Z", "user": 1, "content_type": 1, "object_id": "13", "object_repr": "Phone / Desktop Phone", "action_flag": 2, "change_message": "[{\"changed\": {\"fields\": [\"Parent\"]}}]"}}, {"model": "admin.logentry", "pk": 32, "fields": {"action_time": "2020-04-19T01:29:39.526Z", "user": 1, "content_type": 1, "object_id": "14", "object_repr": "Phone / Smart Phone Accessories", "action_flag": 1, "change_message": "[{\"added\": {}}]"}}, {"model": "admin.logentry", "pk": 33, "fields": {"action_time": "2020-04-19T01:35:47.797Z", "user": 1, "content_type": 1, "object_id": "15", "object_repr": "Clothes-Shoes-Accessories", "action_flag": 1, "change_message": "[{\"added\": {}}]"}}, {"model": "admin.logentry", "pk": 34, "fields": {"action_time": "2020-04-19T01:36:07.836Z", "user": 1, "content_type": 1, "object_id": "16", "object_repr": "Clothes-Shoes-Accessories / Shoes", "action_flag": 1, "change_message": "[{\"added\": {}}]"}}, {"model": "admin.logentry", "pk": 35, "fields": {"action_time": "2020-04-19T01:36:30.719Z", "user": 1, "content_type": 1, "object_id": "17", "object_repr": "Clothes-Shoes-Accessories / Women Clothes", "action_flag": 1, "change_message": "[{\"added\": {}}]"}}, {"model": "admin.logentry", "pk": 36, "fields": {"action_time": "2020-04-19T01:37:15.470Z", "user": 1, "content_type": 1, "object_id": "18", "object_repr": "Bags", "action_flag": 1, "change_message": "[{\"added\": {}}]"}}, {"model": "admin.logentry", "pk": 37, "fields": {"action_time": "2020-04-19T01:37:36.920Z", "user": 1, "content_type": 1, "object_id": "18", "object_repr": "Clothes-Shoes-Accessories / Bags", "action_flag": 2, "change_message": "[{\"changed\": {\"fields\": [\"Parent\"]}}]"}}, {"model": "admin.logentry", "pk": 38, "fields": {"action_time": "2020-04-19T01:38:11.789Z", "user": 1, "content_type": 1, "object_id": "19", "object_repr": "Clothes-Shoes-Accessories / Women Accessories", "action_flag": 1, "change_message": "[{\"added\": {}}]"}}, {"model": "admin.logentry", "pk": 39, "fields": {"action_time": "2020-04-19T14:17:16.721Z", "user": 1, "content_type": 1, "object_id": "20", "object_repr": "Computers / Computer Accessories", "action_flag": 1, "change_message": "[{\"added\": {}}]"}}, {"model": "admin.logentry", "pk": 40, "fields": {"action_time": "2020-04-19T14:20:31.172Z", "user": 1, "content_type": 8, "object_id": "3", "object_repr": "Woman Borwn Leather Big Size Bag", "action_flag": 1, "change_message": "[{\"added\": {}}, {\"added\": {\"name\": \"images\", \"object\": \"\"}}, {\"added\": {\"name\": \"images\", \"object\": \"\"}}]"}}, {"model": "admin.logentry", "pk": 41, "fields": {"action_time": "2020-04-19T14:31:30.022Z", "user": 1, "content_type": 8, "object_id": "4", "object_repr": "Blue White Women Bag", "action_flag": 1, "change_message": "[{\"added\": {}}, {\"added\": {\"name\": \"images\", \"object\": \"\"}}, {\"added\": {\"name\": \"images\", \"object\": \"\"}}]"}}, {"model": "admin.logentry", "pk": 42, "fields": {"action_time": "2020-04-19T14:33:11.484Z", "user": 1, "content_type": 8, "object_id": "5", "object_repr": "Converse White Shoes", "action_flag": 1, "change_message": "[{\"added\": {}}, {\"added\": {\"name\": \"images\", \"object\": \"\"}}, {\"added\": {\"name\": \"images\", \"object\": \"\"}}]"}}, {"model": "admin.logentry", "pk": 43, "fields": {"action_time": "2020-04-19T14:35:12.961Z", "user": 1, "content_type": 8, "object_id": "6", "object_repr": "Walking Unisex Fabric Shoes", "action_flag": 1, "change_message": "[{\"added\": {}}, {\"added\": {\"name\": \"images\", \"object\": \"Blue\"}}, {\"added\": {\"name\": \"images\", \"object\": \"Brown\"}}, {\"added\": {\"name\": \"images\", \"object\": \"Pink\"}}]"}}, {"model": "admin.logentry", "pk": 44, "fields": {"action_time": "2020-04-19T14:36:55.907Z", "user": 1, "content_type": 8, "object_id": "7", "object_repr": "Nike Daily sneakers", "action_flag": 1, "change_message": "[{\"added\": {}}, {\"added\": {\"name\": \"images\", \"object\": \"\"}}, {\"added\": {\"name\": \"images\", \"object\": \"\"}}]"}}, {"model": "admin.logentry", "pk": 45, "fields": {"action_time": "2020-04-19T14:41:04.086Z", "user": 1, "content_type": 8, "object_id": "8", "object_repr": "LG Led Tv 165 inch", "action_flag": 1, "change_message": "[{\"added\": {}}, {\"added\": {\"name\": \"images\", \"object\": \"back\"}}, {\"added\": {\"name\": \"images\", \"object\": \"Front\"}}, {\"added\": {\"name\": \"images\", \"object\": \"Side\"}}]"}}, {"model": "admin.logentry", "pk": 46, "fields": {"action_time": "2020-04-19T14:44:47.350Z", "user": 1, "content_type": 8, "object_id": "9", "object_repr": "Samasung 82\" TU8000 4K UHD Smart TV (2020)", "action_flag": 1, "change_message": "[{\"added\": {}}, {\"added\": {\"name\": \"images\", \"object\": \"\"}}, {\"added\": {\"name\": \"images\", \"object\": \"\"}}]"}}, {"model": "admin.logentry", "pk": 47, "fields": {"action_time": "2020-04-19T14:48:39.384Z", "user": 1, "content_type": 8, "object_id": "10", "object_repr": "Vestel 75 inch led 4k Super Sound Smart Tv", "action_flag": 1, "change_message": "[{\"added\": {}}, {\"added\": {\"name\": \"images\", \"object\": \"\"}}]"}}, {"model": "admin.logentry", "pk": 48, "fields": {"action_time": "2020-04-19T14:57:15.052Z", "user": 1, "content_type": 8, "object_id": "11", "object_repr": "Iphone 11 Plus 64 GB", "action_flag": 1, "change_message": "[{\"added\": {}}, {\"added\": {\"name\": \"images\", \"object\": \"\"}}, {\"added\": {\"name\": \"images\", \"object\": \"\"}}]"}}, {"model": "admin.logentry", "pk": 49, "fields": {"action_time": "2020-04-19T16:42:47.782Z", "user": 1, "content_type": 8, "object_id": "12", "object_repr": "Samsun Galaxy 12 128 GB Plus Smart Phone", "action_flag": 1, "change_message": "[{\"added\": {}}, {\"added\": {\"name\": \"images\", \"object\": \"\"}}, {\"added\": {\"name\": \"images\", \"object\": \"\"}}, {\"added\": {\"name\": \"images\", \"object\": \"\"}}]"}}, {"model": "admin.logentry", "pk": 50, "fields": {"action_time": "2020-04-24T00:51:36.104Z", "user": 1, "content_type": 12, "object_id": "3", "object_repr": "xxxxxx", "action_flag": 2, "change_message": "[{\"changed\": {\"fields\": [\"Status\"]}}]"}}, {"model": "admin.logentry", "pk": 51, "fields": {"action_time": "2020-04-24T00:51:42.184Z", "user": 1, "content_type": 12, "object_id": "2", "object_repr": "I didn't like this phone", "action_flag": 2, "change_message": "[{\"changed\": {\"fields\": [\"Status\"]}}]"}}, {"model": "admin.logentry", "pk": 52, "fields": {"action_time": "2020-04-24T00:51:50.487Z", "user": 1, "content_type": 12, "object_id": "1", "object_repr": "test", "action_flag": 2, "change_message": "[{\"changed\": {\"fields\": [\"Status\"]}}]"}}, {"model": "admin.logentry", "pk": 53, "fields": {"action_time": "2020-04-24T01:37:33.264Z", "user": 1, "content_type": 12, "object_id": "4", "object_repr": "Good Phone", "action_flag": 2, "change_message": "[{\"changed\": {\"fields\": [\"Status\"]}}]"}}, {"model": "admin.logentry", "pk": 54, "fields": {"action_time": "2020-04-29T23:23:30.873Z", "user": 1, "content_type": 13, "object_id": "1", "object_repr": "HP All-in-One - 22-c1063in", "action_flag": 1, "change_message": "[{\"added\": {}}]"}}, {"model": "admin.logentry", "pk": 55, "fields": {"action_time": "2020-05-02T15:43:15.833Z", "user": 1, "content_type": 14, "object_id": "1", "object_repr": "admin", "action_flag": 1, "change_message": "[{\"added\": {}}]"}}, {"model": "admin.logentry", "pk": 56, "fields": {"action_time": "2020-05-02T16:14:34.716Z", "user": 1, "content_type": 15, "object_id": "1", "object_repr": "admin", "action_flag": 1, "change_message": "[{\"added\": {}}]"}}, {"model": "admin.logentry", "pk": 57, "fields": {"action_time": "2020-05-02T17:52:15.110Z", "user": 1, "content_type": 5, "object_id": "2", "object_repr": "bedirhan", "action_flag": 2, "change_message": "[{\"changed\": {\"fields\": [\"Staff status\"]}}]"}}, {"model": "admin.logentry", "pk": 58, "fields": {"action_time": "2020-05-02T17:52:30.019Z", "user": 1, "content_type": 5, "object_id": "2", "object_repr": "bedirhan", "action_flag": 2, "change_message": "[{\"changed\": {\"fields\": [\"Staff status\"]}}]"}}, {"model": "admin.logentry", "pk": 59, "fields": {"action_time": "2020-05-03T17:08:03.288Z", "user": 1, "content_type": 16, "object_id": "1", "object_repr": "Yuksel", "action_flag": 2, "change_message": "[{\"changed\": {\"fields\": [\"Status\", \"Adminnote\"]}}, {\"changed\": {\"name\": \"order product\", \"object\": \"Vestel 75 inch led 4k Super Sound Smart Tv\", \"fields\": [\"Status\"]}}, {\"changed\": {\"name\": \"order product\", \"object\": \"Samasung 82\\\" TU8000 4K UHD Smart TV (2020)\", \"fields\": [\"Status\"]}}, {\"changed\": {\"name\": \"order product\", \"object\": \"Blue White Women Bag\", \"fields\": [\"Status\"]}}, {\"changed\": {\"name\": \"order product\", \"object\": \"Samsun Galaxy 12 128 GB Plus Smart Phone\", \"fields\": [\"Status\"]}}]"}}, {"model": "admin.logentry", "pk": 60, "fields": {"action_time": "2020-05-09T16:35:02.588Z", "user": 1, "content_type": 16, "object_id": "2", "object_repr": "Alex", "action_flag": 2, "change_message": "[{\"changed\": {\"fields\": [\"Status\", \"Adminnote\"]}}, {\"changed\": {\"name\": \"order product\", \"object\": \"Iphone 11 Plus 64 GB\", \"fields\": [\"Status\"]}}, {\"changed\": {\"name\": \"order product\", \"object\": \"Samasung 82\\\" TU8000 4K UHD Smart TV (2020)\", \"fields\": [\"Status\"]}}, {\"changed\": {\"name\": \"order product\", \"object\": \"Vestel 75 inch led 4k Super Sound Smart Tv\", \"fields\": [\"Status\"]}}, {\"changed\": {\"name\": \"order product\", \"object\": \"ASUS VivoBook F510UA 15.6\\u201d Full HD Nanoedge Laptop, Intel Core i5-8250U Processo\", \"fields\": [\"Status\"]}}]"}}, {"model": "admin.logentry", "pk": 61, "fields": {"action_time": "2020-05-09T16:35:41.345Z", "user": 1, "content_type": 16, "object_id": "1", "object_repr": "Alex", "action_flag": 2, "change_message": "[{\"changed\": {\"fields\": [\"Status\", \"Adminnote\"]}}]"}}, {"model": "admin.logentry", "pk": 62, "fields": {"action_time": "2020-05-13T10:51:40.162Z", "user": 1, "content_type": 12, "object_id": "5", "object_repr": "aaaaaa", "action_flag": 2, "change_message": "[{\"changed\": {\"fields\": [\"Status\"]}}]"}}, {"model": "admin.logentry", "pk": 63, "fields": {"action_time": "2020-05-13T23:33:45.545Z", "user": 1, "content_type": 12, "object_id": "6", "object_repr": "Best Phone", "action_flag": 2, "change_message": "[{\"changed\": {\"fields\": [\"Status\"]}}]"}}, {"model": "admin.logentry", "pk": 64, "fields": {"action_time": "2020-05-15T23:45:21.692Z", "user": 1, "content_type": 18, "object_id": "1", "object_repr": "What is Besbudy.com?", "action_flag": 1, "change_message": "[{\"added\": {}}]"}}, {"model": "admin.logentry", "pk": 65, "fields": {"action_time": "2020-05-15T23:45:43.790Z", "user": 1, "content_type": 18, "object_id": "2", "object_repr": "Why do I encounter various availability listings on your site?", "action_flag": 1, "change_message": "[{\"added\": {}}]"}}, {"model": "admin.logentry", "pk": 66, "fields": {"action_time": "2020-05-15T23:46:02.489Z", "user": 1, "content_type": 18, "object_id": "3", "object_repr": "What does the sales rank mean?", "action_flag": 1, "change_message": "[{\"added\": {}}]"}}, {"model": "admin.logentry", "pk": 67, "fields": {"action_time": "2020-05-15T23:46:24.979Z", "user": 1, "content_type": 18, "object_id": "4", "object_repr": "How do I find sales information for my title?", "action_flag": 1, "change_message": "[{\"added\": {}}]"}}, {"model": "admin.logentry", "pk": 68, "fields": {"action_time": "2020-05-15T23:46:55.645Z", "user": 1, "content_type": 18, "object_id": "5", "object_repr": "How do I promote my titles at Besbudy.com?", "action_flag": 1, "change_message": "[{\"added\": {}}]"}}, {"model": "admin.logentry", "pk": 69, "fields": {"action_time": "2020-05-16T00:51:51.617Z", "user": 1, "content_type": 18, "object_id": "6", "object_repr": "Sample Question?", "action_flag": 1, "change_message": "[{\"added\": {}}]"}}, {"model": "admin.logentry", "pk": 70, "fields": {"action_time": "2020-05-17T12:13:44.611Z", "user": 1, "content_type": 8, "object_id": "13", "object_repr": "T-Shirts", "action_flag": 1, "change_message": "[{\"added\": {}}, {\"added\": {\"name\": \"images\", \"object\": \"Black T-shirt\"}}, {\"added\": {\"name\": \"images\", \"object\": \"Ecletric blue  T-shirt\"}}, {\"added\": {\"name\": \"images\", \"object\": \"Gray  T-shirt\"}}, {\"added\": {\"name\": \"images\", \"object\": \"White  T-shirt\"}}]"}}, {"model": "admin.logentry", "pk": 71, "fields": {"action_time": "2020-05-17T12:15:41.025Z", "user": 1, "content_type": 8, "object_id": "14", "object_repr": "T-Shirts", "action_flag": 1, "change_message": "[{\"added\": {}}, {\"added\": {\"name\": \"images\", \"object\": \"Black T-shirt\"}}, {\"added\": {\"name\": \"images\", \"object\": \"Ecletric blue  T-shirt\"}}, {\"added\": {\"name\": \"images\", \"object\": \"Gray  T-shirt\"}}, {\"added\": {\"name\": \"images\", \"object\": \"White  T-shirt\"}}]"}}, {"model": "admin.logentry", "pk": 72, "fields": {"action_time": "2020-05-17T12:35:07.651Z", "user": 1, "content_type": 22, "object_id": "1", "object_repr": "Black T-Shirt", "action_flag": 1, "change_message": "[{\"added\": {}}]"}}, {"model": "admin.logentry", "pk": 73, "fields": {"action_time": "2020-05-17T15:19:43.281Z", "user": 1, "content_type": 8, "object_id": "14", "object_repr": "T-Shirts", "action_flag": 2, "change_message": "[{\"added\": {\"name\": \"variants\", \"object\": \"Black T-Shirt\"}}, {\"added\": {\"name\": \"variants\", \"object\": \"Black T-Shirt\"}}, {\"added\": {\"name\": \"variants\", \"object\": \"Black T-Shirt\"}}, {\"added\": {\"name\": \"variants\", \"object\": \"Black T-Shirt\"}}, {\"added\": {\"name\": \"variants\", \"object\": \"Ecletric blue  T-shirt\"}}, {\"added\": {\"name\": \"variants\", \"object\": \"Ecletric blue  T-shirt\"}}, {\"added\": {\"name\": \"variants\", \"object\": \"Ecletric blue  T-shirt\"}}, {\"added\": {\"name\": \"variants\", \"object\": \"Ecletric blue  T-shirt\"}}, {\"added\": {\"name\": \"variants\", \"object\": \"White  T-shirt\"}}]"}}, {"model": "admin.logentry", "pk": 74, "fields": {"action_time": "2020-05-17T15:21:56.978Z", "user": 1, "content_type": 8, "object_id": "14", "object_repr": "T-Shirts", "action_flag": 2, "change_message": "[{\"added\": {\"name\": \"variants\", \"object\": \"White  T-shirt\"}}, {\"added\": {\"name\": \"variants\", \"object\": \"Gray  T-shirt\"}}, {\"added\": {\"name\": \"variants\", \"object\": \"Gray  T-shirt\"}}, {\"added\": {\"name\": \"variants\", \"object\": \"Gray  T-shirt\"}}]"}}, {"model": "admin.logentry", "pk": 75, "fields": {"action_time": "2020-05-17T16:02:50.019Z", "user": 1, "content_type": 8, "object_id": "14", "object_repr": "T-Shirts", "action_flag": 2, "change_message": "[{\"added\": {\"name\": \"variants\", \"object\": \"Gray  T-shirt\"}}]"}}, {"model": "admin.logentry", "pk": 76, "fields": {"action_time": "2020-05-17T16:03:50.413Z", "user": 1, "content_type": 8, "object_id": "14", "object_repr": "T-Shirts", "action_flag": 2, "change_message": "[{\"changed\": {\"name\": \"variants\", \"object\": \"Gray  T-shirt\", \"fields\": [\"Image id\"]}}]"}}, {"model": "admin.logentry", "pk": 77, "fields": {"action_time": "2020-05-19T16:29:42.967Z", "user": 1, "content_type": 8, "object_id": "1", "object_repr": "HP All-in-One - 22-c1063in", "action_flag": 2, "change_message": "[{\"changed\": {\"fields\": [\"Amount\"]}}]"}}, {"model": "admin.logentry", "pk": 78, "fields": {"action_time": "2020-05-19T16:32:44.134Z", "user": 1, "content_type": 8, "object_id": "1", "object_repr": "HP All-in-One - 22-c1063in", "action_flag": 2, "change_message": "[{\"added\": {\"name\": \"images\", \"object\": \"Front\"}}, {\"added\": {\"name\": \"images\", \"object\": \"All\"}}]"}}, {"model": "admin.logentry", "pk": 79, "fields": {"action_time": "2020-05-20T11:40:05.465Z", "user": 1, "content_type": 8, "object_id": "11", "object_repr": "Iphone 11 Plus", "action_flag": 2, "change_message": "[{\"changed\": {\"fields\": [\"Title\", \"Keywords\", \"Description\", \"Variant\"]}}, {\"added\": {\"name\": \"variants\", \"object\": \"Iphone 11 Plus 32 GB\"}}, {\"added\": {\"name\": \"variants\", \"object\": \"Iphone 11 Plus 64 GB\"}}, {\"added\": {\"name\": \"variants\", \"object\": \"Iphone 11 Plus 128 GB\"}}]"}}, {"model": "admin.logentry", "pk": 80, "fields": {"action_time": "2020-05-20T11:48:24.284Z", "user": 1, "content_type": 19, "object_id": "87", "object_repr": "-No Color-", "action_flag": 1, "change_message": "[{\"added\": {}}]"}}, {"model": "admin.logentry", "pk": 81, "fields": {"action_time": "2020-05-20T11:48:53.692Z", "user": 1, "content_type": 8, "object_id": "11", "object_repr": "Iphone 11 Plus", "action_flag": 2, "change_message": "[{\"added\": {\"name\": \"variants\", \"object\": \"Iphone 11 Plus 256 GB\"}}]"}}, {"model": "admin.logentry", "pk": 82, "fields": {"action_time": "2020-05-20T11:49:24.160Z", "user": 1, "content_type": 8, "object_id": "11", "object_repr": "Iphone 11 Plus", "action_flag": 2, "change_message": "[{\"changed\": {\"name\": \"variants\", \"object\": \"Iphone 11 Plus 32 GB\", \"fields\": [\"Color\"]}}, {\"changed\": {\"name\": \"variants\", \"object\": \"Iphone 11 Plus 64 GB\", \"fields\": [\"Color\"]}}, {\"changed\": {\"name\": \"variants\", \"object\": \"Iphone 11 Plus 128 GB\", \"fields\": [\"Color\"]}}]"}}, {"model": "admin.logentry", "pk": 83, "fields": {"action_time": "2020-05-20T11:54:48.506Z", "user": 1, "content_type": 8, "object_id": "11", "object_repr": "Iphone 11 Plus", "action_flag": 2, "change_message": "[{\"changed\": {\"name\": \"variants\", \"object\": \"Iphone 11 Plus 128 GB\", \"fields\": [\"Color\"]}}, {\"changed\": {\"name\": \"variants\", \"object\": \"Iphone 11 Plus 256 GB\", \"fields\": [\"Color\"]}}]"}}, {"model": "admin.logentry", "pk": 84, "fields": {"action_time": "2020-05-20T11:55:16.295Z", "user": 1, "content_type": 8, "object_id": "11", "object_repr": "Iphone 11 Plus", "action_flag": 2, "change_message": "[{\"changed\": {\"name\": \"variants\", \"object\": \"Iphone 11 Plus 32 GB\", \"fields\": [\"Color\", \"Image id\"]}}, {\"changed\": {\"name\": \"variants\", \"object\": \"Iphone 11 Plus 64 GB\", \"fields\": [\"Color\", \"Image id\"]}}, {\"changed\": {\"name\": \"variants\", \"object\": \"Iphone 11 Plus 128 GB\", \"fields\": [\"Image id\"]}}, {\"changed\": {\"name\": \"variants\", \"object\": \"Iphone 11 Plus 256 GB\", \"fields\": [\"Image id\"]}}]"}}, {"model": "admin.logentry", "pk": 85, "fields": {"action_time": "2020-05-20T12:10:11.258Z", "user": 1, "content_type": 1, "object_id": "22", "object_repr": "Furniture", "action_flag": 1, "change_message": "[{\"added\": {}}]"}}, {"model": "admin.logentry", "pk": 86, "fields": {"action_time": "2020-05-20T12:11:32.917Z", "user": 1, "content_type": 1, "object_id": "23", "object_repr": "Furniture / Office Chair Ergonomic", "action_flag": 1, "change_message": "[{\"added\": {}}]"}}, {"model": "admin.logentry", "pk": 87, "fields": {"action_time": "2020-05-20T12:12:58.959Z", "user": 1, "content_type": 1, "object_id": "23", "object_repr": "Furniture / Office Chairs", "action_flag": 2, "change_message": "[{\"changed\": {\"fields\": [\"Title\"]}}]"}}, {"model": "admin.logentry", "pk": 88, "fields": {"action_time": "2020-05-20T12:17:33.932Z", "user": 1, "content_type": 8, "object_id": "15", "object_repr": "Ergonomic Mesh Chair with Armrest", "action_flag": 1, "change_message": "[{\"added\": {}}, {\"added\": {\"name\": \"images\", \"object\": \"Black\"}}, {\"added\": {\"name\": \"images\", \"object\": \"Red\"}}, {\"added\": {\"name\": \"images\", \"object\": \"Gray\"}}]"}}, {"model": "admin.logentry", "pk": 89, "fields": {"action_time": "2020-05-20T12:19:22.882Z", "user": 1, "content_type": 8, "object_id": "15", "object_repr": "Ergonomic Mesh Chair with Armrest", "action_flag": 2, "change_message": "[{\"added\": {\"name\": \"variants\", \"object\": \"Ergonomic Mesh Chair with Armrest Black\"}}, {\"added\": {\"name\": \"variants\", \"object\": \"Ergonomic Mesh Chair with Armrest Red\"}}, {\"added\": {\"name\": \"variants\", \"object\": \"Ergonomic Mesh Chair with Armrest Gray\"}}]"}}, {"model": "admin.logentry", "pk": 90, "fields": {"action_time": "2020-05-20T23:27:51.027Z", "user": 1, "content_type": 1, "object_id": "21", "object_repr": "('Deneme',)", "action_flag": 3, "change_message": ""}}, {"model": "admin.logentry", "pk": 91, "fields": {"action_time": "2020-05-20T23:46:38.232Z", "user": 1, "content_type": 8, "object_id": "14", "object_repr": "T-Shirts", "action_flag": 2, "change_message": "[{\"changed\": {\"name\": \"variants\", \"object\": \"Black T-Shirt XS\", \"fields\": [\"Title\"]}}, {\"changed\": {\"name\": \"variants\", \"object\": \"Black T-Shirt S\", \"fields\": [\"Title\"]}}]"}}, {"model": "admin.logentry", "pk": 92, "fields": {"action_time": "2020-05-21T00:00:21.038Z", "user": 1, "content_type": 8, "object_id": "16", "object_repr": "Asus CoreI7 Pro Laptop", "action_flag": 1, "change_message": "[{\"added\": {}}, {\"added\": {\"name\": \"images\", \"object\": \"front\"}}, {\"added\": {\"name\": \"images\", \"object\": \"side\"}}]"}}, {"model": "admin.logentry", "pk": 93, "fields": {"action_time": "2020-05-21T00:01:36.444Z", "user": 1, "content_type": 20, "object_id": "29", "object_repr": "13inch", "action_flag": 1, "change_message": "[{\"added\": {}}]"}}, {"model": "admin.logentry", "pk": 94, "fields": {"action_time": "2020-05-21T00:02:28.884Z", "user": 1, "content_type": 20, "object_id": "30", "object_repr": "14 inch", "action_flag": 1, "change_message": "[{\"added\": {}}]"}}, {"model": "admin.logentry", "pk": 95, "fields": {"action_time": "2020-05-21T00:02:49.359Z", "user": 1, "content_type": 8, "object_id": "16", "object_repr": "Asus CoreI7 Pro Laptop", "action_flag": 2, "change_message": "[{\"added\": {\"name\": \"variants\", \"object\": \"Asus CoreI7 Pro Laptop 13 inch\"}}, {\"added\": {\"name\": \"variants\", \"object\": \"Asus CoreI7 Pro Laptop 14 inch\"}}]"}}, {"model": "admin.logentry", "pk": 96, "fields": {"action_time": "2020-05-21T02:22:41.435Z", "user": 1, "content_type": 8, "object_id": "14", "object_repr": "T-Shirts", "action_flag": 2, "change_message": "[{\"changed\": {\"fields\": [\"Price\"]}}]"}}, {"model": "admin.logentry", "pk": 97, "fields": {"action_time": "2020-05-25T23:51:18.410Z", "user": 1, "content_type": 24, "object_id": "1", "object_repr": "English", "action_flag": 1, "change_message": "[{\"added\": {}}]"}}, {"model": "admin.logentry", "pk": 98, "fields": {"action_time": "2020-05-25T23:51:29.357Z", "user": 1, "content_type": 24, "object_id": "2", "object_repr": "Turkish", "action_flag": 1, "change_message": "[{\"added\": {}}]"}}, {"model": "admin.logentry", "pk": 99, "fields": {"action_time": "2020-05-25T23:53:37.204Z", "user": 1, "content_type": 24, "object_id": "3", "object_repr": "P\u0443\u0441\u0441\u043a\u0438\u0439", "action_flag": 1, "change_message": "[{\"added\": {}}]"}}, {"model": "admin.logentry", "pk": 100, "fields": {"action_time": "2020-05-25T23:53:47.263Z", "user": 1, "content_type": 24, "object_id": "2", "object_repr": "T\u00fcrk\u00e7e", "action_flag": 2, "change_message": "[{\"changed\": {\"fields\": [\"Name\"]}}]"}}, {"model": "admin.logentry", "pk": 101, "fields": {"action_time": "2020-05-25T23:54:51.000Z", "user": 1, "content_type": 24, "object_id": "4", "object_repr": "\u0939\u093f\u0902\u0926\u0940 \u0926\u094d\u0935\u093e\u0930\u093e", "action_flag": 1, "change_message": "[{\"added\": {}}]"}}, {"model": "admin.logentry", "pk": 102, "fields": {"action_time": "2020-05-25T23:55:29.068Z", "user": 1, "content_type": 23, "object_id": "1", "object_repr": "Us Dollar", "action_flag": 1, "change_message": "[{\"added\": {}}]"}}, {"model": "admin.logentry", "pk": 103, "fields": {"action_time": "2020-05-25T23:56:06.668Z", "user": 1, "content_type": 23, "object_id": "2", "object_repr": "T\u00fcrk Liras\u0131", "action_flag": 1, "change_message": "[{\"added\": {}}]"}}, {"model": "admin.logentry", "pk": 104, "fields": {"action_time": "2020-05-25T23:59:23.968Z", "user": 1, "content_type": 23, "object_id": "3", "object_repr": "\u0420\u0443\u0441\u0441\u043a\u0438\u0439 \u0440\u0443\u0431\u043b\u044c", "action_flag": 1, "change_message": "[{\"added\": {}}]"}}, {"model": "admin.logentry", "pk": 105, "fields": {"action_time": "2020-05-26T00:01:42.814Z", "user": 1, "content_type": 23, "object_id": "4", "object_repr": "\u092d\u093e\u0930\u0924\u0940\u092f \u0930\u0941\u092a\u092f\u093e", "action_flag": 1, "change_message": "[{\"added\": {}}]"}}, {"model": "admin.logentry", "pk": 106, "fields": {"action_time": "2020-05-26T00:01:49.854Z", "user": 1, "content_type": 23, "object_id": "2", "object_repr": "T\u00fcrk Liras\u0131", "action_flag": 2, "change_message": "[{\"changed\": {\"fields\": [\"Status\"]}}]"}}, {"model": "admin.logentry", "pk": 107, "fields": {"action_time": "2020-05-26T19:55:19.190Z", "user": 1, "content_type": 15, "object_id": "1", "object_repr": "admin", "action_flag": 2, "change_message": "[]"}}, {"model": "admin.logentry", "pk": 108, "fields": {"action_time": "2020-05-26T19:55:33.029Z", "user": 1, "content_type": 15, "object_id": "2", "object_repr": "julia", "action_flag": 2, "change_message": "[{\"changed\": {\"fields\": [\"Language\", \"Currency\"]}}]"}}, {"model": "admin.logentry", "pk": 109, "fields": {"action_time": "2020-05-26T19:56:23.095Z", "user": 1, "content_type": 5, "object_id": "2", "object_repr": "yuksel", "action_flag": 2, "change_message": "[{\"changed\": {\"fields\": [\"Username\", \"First name\"]}}]"}}, {"model": "admin.logentry", "pk": 110, "fields": {"action_time": "2020-05-26T19:56:43.400Z", "user": 1, "content_type": 5, "object_id": "1", "object_repr": "admin", "action_flag": 2, "change_message": "[{\"changed\": {\"fields\": [\"Last name\"]}}]"}}, {"model": "admin.logentry", "pk": 111, "fields": {"action_time": "2020-05-26T19:56:55.926Z", "user": 1, "content_type": 5, "object_id": "2", "object_repr": "yuksel", "action_flag": 2, "change_message": "[{\"changed\": {\"fields\": [\"Staff status\"]}}]"}}, {"model": "admin.logentry", "pk": 112, "fields": {"action_time": "2020-05-26T19:59:14.786Z", "user": 1, "content_type": 15, "object_id": "3", "object_repr": "yuksel", "action_flag": 1, "change_message": "[{\"added\": {}}]"}}, {"model": "admin.logentry", "pk": 113, "fields": {"action_time": "2020-05-26T20:00:06.950Z", "user": 1, "content_type": 24, "object_id": "1", "object_repr": "English", "action_flag": 2, "change_message": "[{\"changed\": {\"fields\": [\"Code\"]}}]"}}, {"model": "admin.logentry", "pk": 114, "fields": {"action_time": "2020-05-26T20:00:15.286Z", "user": 1, "content_type": 24, "object_id": "2", "object_repr": "T\u00fcrk\u00e7e", "action_flag": 2, "change_message": "[{\"changed\": {\"fields\": [\"Code\"]}}]"}}, {"model": "admin.logentry", "pk": 115, "fields": {"action_time": "2020-05-26T20:00:23.402Z", "user": 1, "content_type": 24, "object_id": "3", "object_repr": "P\u0443\u0441\u0441\u043a\u0438\u0439", "action_flag": 2, "change_message": "[{\"changed\": {\"fields\": [\"Code\"]}}]"}}, {"model": "admin.logentry", "pk": 116, "fields": {"action_time": "2020-05-26T20:00:33.127Z", "user": 1, "content_type": 24, "object_id": "4", "object_repr": "\u0939\u093f\u0902\u0926\u0940 \u0926\u094d\u0935\u093e\u0930\u093e", "action_flag": 2, "change_message": "[{\"changed\": {\"fields\": [\"Code\"]}}]"}}, {"model": "admin.logentry", "pk": 117, "fields": {"action_time": "2020-05-26T23:28:56.721Z", "user": 1, "content_type": 24, "object_id": "1", "object_repr": "English", "action_flag": 2, "change_message": "[{\"changed\": {\"fields\": [\"Code\"]}}]"}}, {"model": "admin.logentry", "pk": 118, "fields": {"action_time": "2020-05-26T23:29:02.547Z", "user": 1, "content_type": 24, "object_id": "2", "object_repr": "T\u00fcrk\u00e7e", "action_flag": 2, "change_message": "[{\"changed\": {\"fields\": [\"Code\"]}}]"}}, {"model": "admin.logentry", "pk": 119, "fields": {"action_time": "2020-05-26T23:29:09.407Z", "user": 1, "content_type": 24, "object_id": "3", "object_repr": "P\u0443\u0441\u0441\u043a\u0438\u0439", "action_flag": 2, "change_message": "[{\"changed\": {\"fields\": [\"Code\"]}}]"}}, {"model": "admin.logentry", "pk": 120, "fields": {"action_time": "2020-05-26T23:29:16.988Z", "user": 1, "content_type": 24, "object_id": "4", "object_repr": "\u0939\u093f\u0902\u0926\u0940 \u0926\u094d\u0935\u093e\u0930\u093e", "action_flag": 2, "change_message": "[{\"changed\": {\"fields\": [\"Code\"]}}]"}}, {"model": "admin.logentry", "pk": 121, "fields": {"action_time": "2020-05-29T23:53:22.388Z", "user": 1, "content_type": 25, "object_id": "1", "object_repr": "ProductLang object (1)", "action_flag": 1, "change_message": "[{\"added\": {}}]"}}, {"model": "admin.logentry", "pk": 122, "fields": {"action_time": "2020-05-30T00:06:00.414Z", "user": 1, "content_type": 8, "object_id": "16", "object_repr": "Asus CoreI7 Pro Laptop", "action_flag": 2, "change_message": "[{\"added\": {\"name\": \"product lang\", \"object\": \"ProductLang object (2)\"}}]"}}, {"model": "admin.logentry", "pk": 123, "fields": {"action_time": "2020-05-30T00:07:35.119Z", "user": 1, "content_type": 8, "object_id": "15", "object_repr": "Ergonomic Mesh Chair with Armrest", "action_flag": 2, "change_message": "[{\"added\": {\"name\": \"product lang\", \"object\": \"ProductLang object (3)\"}}]"}}, {"model": "admin.logentry", "pk": 124, "fields": {"action_time": "2020-05-30T01:40:26.502Z", "user": 1, "content_type": 1, "object_id": "15", "object_repr": "Clothes-Shoes-Accessories", "action_flag": 2, "change_message": "[{\"added\": {\"name\": \"category lang\", \"object\": \"CategoryLang object (1)\"}}]"}}, {"model": "admin.logentry", "pk": 125, "fields": {"action_time": "2020-05-30T01:40:42.238Z", "user": 1, "content_type": 1, "object_id": "5", "object_repr": "Computers", "action_flag": 2, "change_message": "[{\"added\": {\"name\": \"category lang\", \"object\": \"CategoryLang object (2)\"}}]"}}, {"model": "admin.logentry", "pk": 126, "fields": {"action_time": "2020-05-30T01:41:01.866Z", "user": 1, "content_type": 1, "object_id": "8", "object_repr": "Electronics", "action_flag": 2, "change_message": "[{\"added\": {\"name\": \"category lang\", \"object\": \"CategoryLang object (3)\"}}]"}}, {"model": "admin.logentry", "pk": 127, "fields": {"action_time": "2020-05-30T01:41:27.103Z", "user": 1, "content_type": 1, "object_id": "22", "object_repr": "Furniture", "action_flag": 2, "change_message": "[{\"added\": {\"name\": \"category lang\", \"object\": \"CategoryLang object (4)\"}}]"}}, {"model": "admin.logentry", "pk": 128, "fields": {"action_time": "2020-05-30T01:41:46.612Z", "user": 1, "content_type": 1, "object_id": "11", "object_repr": "Phone", "action_flag": 2, "change_message": "[{\"added\": {\"name\": \"category lang\", \"object\": \"CategoryLang object (5)\"}}]"}}, {"model": "admin.logentry", "pk": 129, "fields": {"action_time": "2020-05-30T01:43:10.688Z", "user": 1, "content_type": 1, "object_id": "20", "object_repr": "Computers / Computer Accessories", "action_flag": 2, "change_message": "[{\"added\": {\"name\": \"category lang\", \"object\": \"CategoryLang object (6)\"}}]"}}, {"model": "admin.logentry", "pk": 130, "fields": {"action_time": "2020-05-30T01:43:44.103Z", "user": 1, "content_type": 1, "object_id": "7", "object_repr": "Computers / Desktop Computer", "action_flag": 2, "change_message": "[{\"added\": {\"name\": \"category lang\", \"object\": \"CategoryLang object (7)\"}}]"}}, {"model": "admin.logentry", "pk": 131, "fields": {"action_time": "2020-05-30T01:44:11.398Z", "user": 1, "content_type": 1, "object_id": "6", "object_repr": "Computers / Laptop Computers", "action_flag": 2, "change_message": "[{\"added\": {\"name\": \"category lang\", \"object\": \"CategoryLang object (8)\"}}]"}}, {"model": "admin.logentry", "pk": 132, "fields": {"action_time": "2020-05-30T01:44:31.664Z", "user": 1, "content_type": 1, "object_id": "18", "object_repr": "Clothes-Shoes-Accessories / Bags", "action_flag": 2, "change_message": "[{\"added\": {\"name\": \"category lang\", \"object\": \"CategoryLang object (9)\"}}]"}}, {"model": "admin.logentry", "pk": 133, "fields": {"action_time": "2020-05-30T01:44:47.303Z", "user": 1, "content_type": 1, "object_id": "16", "object_repr": "Clothes-Shoes-Accessories / Shoes", "action_flag": 2, "change_message": "[{\"added\": {\"name\": \"category lang\", \"object\": \"CategoryLang object (10)\"}}]"}}, {"model": "admin.logentry", "pk": 134, "fields": {"action_time": "2020-05-30T01:45:06.213Z", "user": 1, "content_type": 1, "object_id": "19", "object_repr": "Clothes-Shoes-Accessories / Women Accessories", "action_flag": 2, "change_message": "[{\"added\": {\"name\": \"category lang\", \"object\": \"CategoryLang object (11)\"}}]"}}, {"model": "admin.logentry", "pk": 135, "fields": {"action_time": "2020-05-30T01:45:23.974Z", "user": 1, "content_type": 1, "object_id": "17", "object_repr": "Clothes-Shoes-Accessories / Women Clothes", "action_flag": 2, "change_message": "[{\"added\": {\"name\": \"category lang\", \"object\": \"CategoryLang object (12)\"}}]"}}, {"model": "admin.logentry", "pk": 136, "fields": {"action_time": "2020-05-30T01:45:59.904Z", "user": 1, "content_type": 1, "object_id": "10", "object_repr": "Electronics / Mp3 Player", "action_flag": 2, "change_message": "[{\"added\": {\"name\": \"category lang\", \"object\": \"CategoryLang object (13)\"}}]"}}, {"model": "admin.logentry", "pk": 137, "fields": {"action_time": "2020-05-30T01:46:19.233Z", "user": 1, "content_type": 1, "object_id": "9", "object_repr": "Electronics / Television", "action_flag": 2, "change_message": "[{\"added\": {\"name\": \"category lang\", \"object\": \"CategoryLang object (14)\"}}]"}}, {"model": "admin.logentry", "pk": 138, "fields": {"action_time": "2020-05-30T01:46:39.192Z", "user": 1, "content_type": 1, "object_id": "23", "object_repr": "Furniture / Office Chairs", "action_flag": 2, "change_message": "[{\"added\": {\"name\": \"category lang\", \"object\": \"CategoryLang object (15)\"}}]"}}, {"model": "admin.logentry", "pk": 139, "fields": {"action_time": "2020-05-30T01:47:02.250Z", "user": 1, "content_type": 1, "object_id": "13", "object_repr": "Phone / Desktop Phone", "action_flag": 2, "change_message": "[{\"added\": {\"name\": \"category lang\", \"object\": \"CategoryLang object (16)\"}}]"}}, {"model": "admin.logentry", "pk": 140, "fields": {"action_time": "2020-05-30T01:47:20.265Z", "user": 1, "content_type": 1, "object_id": "12", "object_repr": "Phone / Smart Phone", "action_flag": 2, "change_message": "[{\"added\": {\"name\": \"category lang\", \"object\": \"CategoryLang object (17)\"}}]"}}, {"model": "admin.logentry", "pk": 141, "fields": {"action_time": "2020-05-30T01:47:47.871Z", "user": 1, "content_type": 1, "object_id": "14", "object_repr": "Phone / Smart Phone Accessories", "action_flag": 2, "change_message": "[{\"added\": {\"name\": \"category lang\", \"object\": \"CategoryLang object (18)\"}}]"}}, {"model": "admin.logentry", "pk": 142, "fields": {"action_time": "2020-05-30T22:10:40.975Z", "user": 1, "content_type": 8, "object_id": "1", "object_repr": "HP All-in-One - 22-c1063in", "action_flag": 2, "change_message": "[{\"changed\": {\"name\": \"product lang\", \"object\": \"ProductLang object (1)\", \"fields\": [\"Detail\"]}}]"}}, {"model": "admin.logentry", "pk": 143, "fields": {"action_time": "2020-05-31T01:15:08.111Z", "user": 1, "content_type": 18, "object_id": "7", "object_repr": "Amazon\u2019da Sat\u0131\u015f nedir?", "action_flag": 1, "change_message": "[{\"added\": {}}]"}}, {"model": "admin.logentry", "pk": 144, "fields": {"action_time": "2020-05-31T01:15:28.071Z", "user": 1, "content_type": 18, "object_id": "8", "object_repr": "Amazon.com.tr\u2019de kimler sat\u0131\u015f yapabilir?", "action_flag": 1, "change_message": "[{\"added\": {}}]"}}, {"model": "admin.logentry", "pk": 145, "fields": {"action_time": "2020-05-31T01:15:53.219Z", "user": 1, "content_type": 18, "object_id": "9", "object_repr": "Amazon.com.tr'de hangi \u00fcr\u00fcnleri satabilirim?", "action_flag": 1, "change_message": "[{\"added\": {}}]"}}, {"model": "admin.logentry", "pk": 146, "fields": {"action_time": "2020-05-31T01:16:15.553Z", "user": 1, "content_type": 18, "object_id": "10", "object_repr": "Nas\u0131l \u00f6deme al\u0131r\u0131m?", "action_flag": 1, "change_message": "[{\"added\": {}}]"}}, {"model": "admin.logentry", "pk": 147, "fields": {"action_time": "2020-05-31T01:35:46.413Z", "user": 1, "content_type": 11, "object_id": "1", "object_repr": "BestBudy Shopping Center", "action_flag": 2, "change_message": "[{\"changed\": {\"fields\": [\"Aboutus\"]}}]"}}, {"model": "admin.logentry", "pk": 148, "fields": {"action_time": "2020-05-31T01:41:55.520Z", "user": 1, "content_type": 11, "object_id": "1", "object_repr": "BestBudy Shopping Center", "action_flag": 2, "change_message": "[{\"changed\": {\"fields\": [\"Contact\"]}}]"}}, {"model": "admin.logentry", "pk": 149, "fields": {"action_time": "2020-05-31T01:44:15.785Z", "user": 1, "content_type": 27, "object_id": "1", "object_repr": "SettingLang object (1)", "action_flag": 1, "change_message": "[{\"added\": {}}]"}}, {"model": "admin.logentry", "pk": 150, "fields": {"action_time": "2020-06-05T23:48:23.824Z", "user": 1, "content_type": 18, "object_id": "6", "object_repr": "Sample Question?", "action_flag": 2, "change_message": "[{\"changed\": {\"fields\": [\"Lang\"]}}]"}}, {"model": "admin.logentry", "pk": 151, "fields": {"action_time": "2020-06-05T23:48:33.199Z", "user": 1, "content_type": 18, "object_id": "5", "object_repr": "How do I promote my titles at Besbudy.com?", "action_flag": 2, "change_message": "[{\"changed\": {\"fields\": [\"Lang\", \"Answer\"]}}]"}}, {"model": "admin.logentry", "pk": 152, "fields": {"action_time": "2020-06-05T23:48:42.316Z", "user": 1, "content_type": 18, "object_id": "3", "object_repr": "What does the sales rank mean?", "action_flag": 2, "change_message": "[{\"changed\": {\"fields\": [\"Lang\", \"Answer\"]}}]"}}, {"model": "admin.logentry", "pk": 153, "fields": {"action_time": "2020-06-05T23:48:51.723Z", "user": 1, "content_type": 18, "object_id": "4", "object_repr": "How do I find sales information for my title?", "action_flag": 2, "change_message": "[{\"changed\": {\"fields\": [\"Lang\", \"Answer\"]}}]"}}, {"model": "admin.logentry", "pk": 154, "fields": {"action_time": "2020-06-05T23:49:01.774Z", "user": 1, "content_type": 18, "object_id": "1", "object_repr": "What is Besbudy.com?", "action_flag": 2, "change_message": "[{\"changed\": {\"fields\": [\"Lang\", \"Answer\"]}}]"}}, {"model": "admin.logentry", "pk": 155, "fields": {"action_time": "2020-06-05T23:49:10.750Z", "user": 1, "content_type": 18, "object_id": "2", "object_repr": "Why do I encounter various availability listings on your site?", "action_flag": 2, "change_message": "[{\"changed\": {\"fields\": [\"Lang\", \"Answer\"]}}]"}}, {"model": "admin.logentry", "pk": 156, "fields": {"action_time": "2020-06-06T00:02:03.649Z", "user": 1, "content_type": 25, "object_id": "4", "object_repr": "ProductLang object (4)", "action_flag": 1, "change_message": "[{\"added\": {}}]"}}, {"model": "admin.logentry", "pk": 157, "fields": {"action_time": "2020-06-06T01:22:08.827Z", "user": 1, "content_type": 8, "object_id": "1", "object_repr": "HP All-in-One - 22-c1063in", "action_flag": 2, "change_message": "[{\"changed\": {\"fields\": [\"Category\"]}}]"}}, {"model": "admin.logentry", "pk": 158, "fields": {"action_time": "2020-06-08T01:05:15.431Z", "user": 1, "content_type": 28, "object_id": "USD", "object_repr": "USD", "action_flag": 1, "change_message": "[{\"added\": {}}]"}}, {"model": "admin.logentry", "pk": 159, "fields": {"action_time": "2020-06-08T01:07:18.379Z", "user": 1, "content_type": 28, "object_id": "TRY", "object_repr": "TRY", "action_flag": 1, "change_message": "[{\"added\": {}}]"}}, {"model": "admin.logentry", "pk": 160, "fields": {"action_time": "2020-06-08T01:09:33.975Z", "user": 1, "content_type": 8, "object_id": "16", "object_repr": "Asus Core I7 Pro Laptop", "action_flag": 2, "change_message": "[{\"changed\": {\"fields\": [\"Title\", \"Keywords\", \"Description\", \"Price\"]}}]"}}, {"model": "admin.logentry", "pk": 161, "fields": {"action_time": "2020-06-08T21:11:05.565Z", "user": 1, "content_type": 8, "object_id": "16", "object_repr": "Asus Core I7 Pro Laptop", "action_flag": 2, "change_message": "[{\"changed\": {\"fields\": [\"Price\"]}}]"}}, {"model": "admin.logentry", "pk": 162, "fields": {"action_time": "2020-06-08T22:07:27.725Z", "user": 1, "content_type": 28, "object_id": "USD", "object_repr": "USD", "action_flag": 1, "change_message": "[{\"added\": {}}]"}}, {"model": "admin.logentry", "pk": 163, "fields": {"action_time": "2020-06-08T22:07:53.801Z", "user": 1, "content_type": 28, "object_id": "TRY", "object_repr": "TRY", "action_flag": 1, "change_message": "[{\"added\": {}}]"}}, {"model": "admin.logentry", "pk": 164, "fields": {"action_time": "2020-06-08T22:12:52.260Z", "user": 1, "content_type": 15, "object_id": "1", "object_repr": "admin", "action_flag": 1, "change_message": "[{\"added\": {}}]"}}, {"model": "admin.logentry", "pk": 165, "fields": {"action_time": "2020-06-08T22:14:36.153Z", "user": 1, "content_type": 15, "object_id": "2", "object_repr": "julia", "action_flag": 1, "change_message": "[{\"added\": {}}]"}}, {"model": "admin.logentry", "pk": 166, "fields": {"action_time": "2020-06-08T22:16:12.346Z", "user": 1, "content_type": 15, "object_id": "3", "object_repr": "yuksel", "action_flag": 1, "change_message": "[{\"added\": {}}]"}}, {"model": "admin.logentry", "pk": 167, "fields": {"action_time": "2020-06-08T22:16:27.102Z", "user": 1, "content_type": 15, "object_id": "3", "object_repr": "yuksel", "action_flag": 2, "change_message": "[{\"changed\": {\"fields\": [\"Language\", \"Currency\"]}}]"}}, {"model": "admin.logentry", "pk": 168, "fields": {"action_time": "2020-06-08T22:16:43.522Z", "user": 1, "content_type": 15, "object_id": "3", "object_repr": "yuksel", "action_flag": 2, "change_message": "[{\"changed\": {\"fields\": [\"Country\"]}}]"}}, {"model": "admin.logentry", "pk": 169, "fields": {"action_time": "2020-06-09T01:32:27.663Z", "user": 1, "content_type": 28, "object_id": "TRY", "object_repr": "TRY", "action_flag": 2, "change_message": "[{\"changed\": {\"fields\": [\"Info\"]}}]"}}, {"model": "admin.logentry", "pk": 170, "fields": {"action_time": "2020-06-09T01:40:14.713Z", "user": 1, "content_type": 28, "object_id": "TRY", "object_repr": "TRY", "action_flag": 2, "change_message": "[{\"changed\": {\"fields\": [\"Factor\", \"Info\"]}}]"}}, {"model": "admin.logentry", "pk": 171, "fields": {"action_time": "2020-11-24T20:00:47.659Z", "user": 1, "content_type": 13, "object_id": "23", "object_repr": "Asus Core I7 Pro Laptop", "action_flag": 3, "change_message": ""}}, {"model": "admin.logentry", "pk": 172, "fields": {"action_time": "2020-11-24T20:12:08.071Z", "user": 1, "content_type": 13, "object_id": "26", "object_repr": "HP All-in-One - 22-c1063in", "action_flag": 3, "change_message": ""}}, {"model": "admin.logentry", "pk": 173, "fields": {"action_time": "2020-11-24T20:12:08.076Z", "user": 1, "content_type": 13, "object_id": "25", "object_repr": "HP All-in-One - 22-c1063in", "action_flag": 3, "change_message": ""}}, {"model": "admin.logentry", "pk": 174, "fields": {"action_time": "2020-11-24T20:12:08.080Z", "user": 1, "content_type": 13, "object_id": "24", "object_repr": "T-Shirts", "action_flag": 3, "change_message": ""}}, {"model": "admin.logentry", "pk": 175, "fields": {"action_time": "2020-11-24T20:20:06.528Z", "user": 1, "content_type": 13, "object_id": "28", "object_repr": "HP All-in-One - 22-c1063in", "action_flag": 3, "change_message": ""}}, {"model": "admin.logentry", "pk": 176, "fields": {"action_time": "2020-11-24T20:20:06.531Z", "user": 1, "content_type": 13, "object_id": "27", "object_repr": "ASUS VivoBook F510UA 15.6\u201d Full HD Nanoedge Laptop, Intel Core i5-8250U Processo", "action_flag": 3, "change_message": ""}}, {"model": "admin.logentry", "pk": 177, "fields": {"action_time": "2020-11-24T20:24:30.037Z", "user": 1, "content_type": 13, "object_id": "29", "object_repr": "Ergonomic Mesh Chair with Armrest", "action_flag": 3, "change_message": ""}}, {"model": "admin.logentry", "pk": 178, "fields": {"action_time": "2020-11-24T20:24:30.041Z", "user": 1, "content_type": 13, "object_id": "21", "object_repr": "Ergonomic Mesh Chair with Armrest", "action_flag": 3, "change_message": ""}}, {"model": "admin.logentry", "pk": 179, "fields": {"action_time": "2020-11-24T20:24:30.045Z", "user": 1, "content_type": 13, "object_id": "20", "object_repr": "Ergonomic Mesh Chair with Armrest", "action_flag": 3, "change_message": ""}}, {"model": "admin.logentry", "pk": 180, "fields": {"action_time": "2020-11-24T20:24:30.049Z", "user": 1, "content_type": 13, "object_id": "19", "object_repr": "Ergonomic Mesh Chair with Armrest", "action_flag": 3, "change_message": ""}}, {"model": "admin.logentry", "pk": 181, "fields": {"action_time": "2020-11-24T20:24:30.052Z", "user": 1, "content_type": 13, "object_id": "18", "object_repr": "Ergonomic Mesh Chair with Armrest", "action_flag": 3, "change_message": ""}}, {"model": "admin.logentry", "pk": 182, "fields": {"action_time": "2020-11-24T20:24:30.055Z", "user": 1, "content_type": 13, "object_id": "17", "object_repr": "HP All-in-One - 22-c1063in", "action_flag": 3, "change_message": ""}}, {"model": "admin.logentry", "pk": 183, "fields": {"action_time": "2020-11-24T20:24:30.059Z", "user": 1, "content_type": 13, "object_id": "16", "object_repr": "Asus Core I7 Pro Laptop", "action_flag": 3, "change_message": ""}}, {"model": "admin.logentry", "pk": 184, "fields": {"action_time": "2020-11-24T20:24:30.063Z", "user": 1, "content_type": 13, "object_id": "15", "object_repr": "Woman Borwn Leather Big Size Bag", "action_flag": 3, "change_message": ""}}, {"model": "admin.logentry", "pk": 185, "fields": {"action_time": "2020-11-24T20:38:34.977Z", "user": 1, "content_type": 13, "object_id": "32", "object_repr": "T-Shirts", "action_flag": 3, "change_message": ""}}, {"model": "admin.logentry", "pk": 186, "fields": {"action_time": "2020-11-24T20:38:34.980Z", "user": 1, "content_type": 13, "object_id": "31", "object_repr": "ASUS VivoBook F510UA 15.6\u201d Full HD Nanoedge Laptop, Intel Core i5-8250U Processo", "action_flag": 3, "change_message": ""}}, {"model": "admin.logentry", "pk": 187, "fields": {"action_time": "2020-11-24T20:38:34.984Z", "user": 1, "content_type": 13, "object_id": "30", "object_repr": "T-Shirts", "action_flag": 3, "change_message": ""}}, {"model": "admin.logentry", "pk": 188, "fields": {"action_time": "2020-11-24T20:47:56.017Z", "user": 1, "content_type": 13, "object_id": "33", "object_repr": "T-Shirts", "action_flag": 3, "change_message": ""}}, {"model": "admin.logentry", "pk": 189, "fields": {"action_time": "2020-11-24T20:51:22.350Z", "user": 1, "content_type": 13, "object_id": "34", "object_repr": "T-Shirts", "action_flag": 3, "change_message": ""}}, {"model": "admin.logentry", "pk": 190, "fields": {"action_time": "2020-11-24T21:07:20.699Z", "user": 1, "content_type": 13, "object_id": "39", "object_repr": "Converse White Shoes", "action_flag": 3, "change_message": ""}}, {"model": "admin.logentry", "pk": 191, "fields": {"action_time": "2020-11-24T21:07:20.703Z", "user": 1, "content_type": 13, "object_id": "38", "object_repr": "Samsun Galaxy 12 128 GB Plus Smart Phone", "action_flag": 3, "change_message": ""}}, {"model": "admin.logentry", "pk": 192, "fields": {"action_time": "2020-11-24T21:07:20.707Z", "user": 1, "content_type": 13, "object_id": "37", "object_repr": "Samasung 82\" TU8000 4K UHD Smart TV (2020)", "action_flag": 3, "change_message": ""}}, {"model": "admin.logentry", "pk": 193, "fields": {"action_time": "2020-11-24T21:07:20.710Z", "user": 1, "content_type": 13, "object_id": "36", "object_repr": "T-Shirts", "action_flag": 3, "change_message": ""}}, {"model": "admin.logentry", "pk": 194, "fields": {"action_time": "2020-11-24T21:07:20.713Z", "user": 1, "content_type": 13, "object_id": "35", "object_repr": "ASUS VivoBook F510UA 15.6\u201d Full HD Nanoedge Laptop, Intel Core i5-8250U Processo", "action_flag": 3, "change_message": ""}}, {"model": "admin.logentry", "pk": 195, "fields": {"action_time": "2020-11-24T21:16:56.501Z", "user": 1, "content_type": 13, "object_id": "41", "object_repr": "Ergonomic Mesh Chair with Armrest", "action_flag": 3, "change_message": ""}}, {"model": "admin.logentry", "pk": 196, "fields": {"action_time": "2020-11-24T21:16:56.505Z", "user": 1, "content_type": 13, "object_id": "40", "object_repr": "ASUS VivoBook F510UA 15.6\u201d Full HD Nanoedge Laptop, Intel Core i5-8250U Processo", "action_flag": 3, "change_message": ""}}, {"model": "admin.logentry", "pk": 197, "fields": {"action_time": "2020-11-24T21:38:05.717Z", "user": 1, "content_type": 13, "object_id": "43", "object_repr": "HP All-in-One - 22-c1063in", "action_flag": 3, "change_message": ""}}, {"model": "admin.logentry", "pk": 198, "fields": {"action_time": "2020-11-24T21:38:05.722Z", "user": 1, "content_type": 13, "object_id": "42", "object_repr": "Ergonomic Mesh Chair with Armrest", "action_flag": 3, "change_message": ""}}, {"model": "admin.logentry", "pk": 199, "fields": {"action_time": "2020-11-24T21:43:38.919Z", "user": 1, "content_type": 13, "object_id": "50", "object_repr": "Asus Core I7 Pro Laptop", "action_flag": 3, "change_message": ""}}, {"model": "admin.logentry", "pk": 200, "fields": {"action_time": "2020-11-24T21:43:38.924Z", "user": 1, "content_type": 13, "object_id": "49", "object_repr": "Ergonomic Mesh Chair with Armrest", "action_flag": 3, "change_message": ""}}, {"model": "admin.logentry", "pk": 201, "fields": {"action_time": "2020-11-24T21:43:38.929Z", "user": 1, "content_type": 13, "object_id": "48", "object_repr": "ASUS VivoBook F510UA 15.6\u201d Full HD Nanoedge Laptop, Intel Core i5-8250U Processo", "action_flag": 3, "change_message": ""}}, {"model": "admin.logentry", "pk": 202, "fields": {"action_time": "2020-11-24T21:43:38.932Z", "user": 1, "content_type": 13, "object_id": "47", "object_repr": "HP All-in-One - 22-c1063in", "action_flag": 3, "change_message": ""}}, {"model": "admin.logentry", "pk": 203, "fields": {"action_time": "2020-11-24T21:43:38.935Z", "user": 1, "content_type": 13, "object_id": "46", "object_repr": "Walking Unisex Fabric Shoes", "action_flag": 3, "change_message": ""}}, {"model": "admin.logentry", "pk": 204, "fields": {"action_time": "2020-11-24T21:43:38.940Z", "user": 1, "content_type": 13, "object_id": "45", "object_repr": "Converse White Shoes", "action_flag": 3, "change_message": ""}}, {"model": "admin.logentry", "pk": 205, "fields": {"action_time": "2020-11-24T21:43:38.943Z", "user": 1, "content_type": 13, "object_id": "44", "object_repr": "T-Shirts", "action_flag": 3, "change_message": ""}}, {"model": "admin.logentry", "pk": 206, "fields": {"action_time": "2020-11-24T21:46:30.313Z", "user": 1, "content_type": 13, "object_id": "51", "object_repr": "Asus Core I7 Pro Laptop", "action_flag": 3, "change_message": ""}}, {"model": "admin.logentry", "pk": 207, "fields": {"action_time": "2020-11-24T22:02:45.834Z", "user": 1, "content_type": 13, "object_id": "53", "object_repr": "T-Shirts", "action_flag": 3, "change_message": ""}}, {"model": "admin.logentry", "pk": 208, "fields": {"action_time": "2020-11-24T22:02:45.837Z", "user": 1, "content_type": 13, "object_id": "52", "object_repr": "Asus Core I7 Pro Laptop", "action_flag": 3, "change_message": ""}}, {"model": "admin.logentry", "pk": 209, "fields": {"action_time": "2020-11-24T22:26:05.679Z", "user": 1, "content_type": 13, "object_id": "59", "object_repr": "T-Shirts", "action_flag": 3, "change_message": ""}}, {"model": "admin.logentry", "pk": 210, "fields": {"action_time": "2020-11-24T22:26:05.683Z", "user": 1, "content_type": 13, "object_id": "58", "object_repr": "Ergonomic Mesh Chair with Armrest", "action_flag": 3, "change_message": ""}}, {"model": "admin.logentry", "pk": 211, "fields": {"action_time": "2020-11-24T22:26:05.686Z", "user": 1, "content_type": 13, "object_id": "57", "object_repr": "T-Shirts", "action_flag": 3, "change_message": ""}}, {"model": "admin.logentry", "pk": 212, "fields": {"action_time": "2020-11-24T22:26:05.689Z", "user": 1, "content_type": 13, "object_id": "56", "object_repr": "T-Shirts", "action_flag": 3, "change_message": ""}}, {"model": "admin.logentry", "pk": 213, "fields": {"action_time": "2020-11-24T22:26:05.692Z", "user": 1, "content_type": 13, "object_id": "55", "object_repr": "ASUS VivoBook F510UA 15.6\u201d Full HD Nanoedge Laptop, Intel Core i5-8250U Processo", "action_flag": 3, "change_message": ""}}, {"model": "admin.logentry", "pk": 214, "fields": {"action_time": "2020-11-24T22:26:05.696Z", "user": 1, "content_type": 13, "object_id": "54", "object_repr": "T-Shirts", "action_flag": 3, "change_message": ""}}, {"model": "admin.logentry", "pk": 215, "fields": {"action_time": "2020-11-25T08:56:17.518Z", "user": 1, "content_type": 13, "object_id": "63", "object_repr": "Nike Daily sneakers", "action_flag": 3, "change_message": ""}}, {"model": "admin.logentry", "pk": 216, "fields": {"action_time": "2020-11-25T08:56:17.523Z", "user": 1, "content_type": 13, "object_id": "62", "object_repr": "Ergonomic Mesh Chair with Armrest", "action_flag": 3, "change_message": ""}}, {"model": "admin.logentry", "pk": 217, "fields": {"action_time": "2020-11-25T08:56:17.527Z", "user": 1, "content_type": 13, "object_id": "61", "object_repr": "T-Shirts", "action_flag": 3, "change_message": ""}}, {"model": "admin.logentry", "pk": 218, "fields": {"action_time": "2020-11-25T08:56:17.531Z", "user": 1, "content_type": 13, "object_id": "60", "object_repr": "ASUS VivoBook F510UA 15.6\u201d Full HD Nanoedge Laptop, Intel Core i5-8250U Processo", "action_flag": 3, "change_message": ""}}, {"model": "admin.logentry", "pk": 219, "fields": {"action_time": "2020-11-25T09:00:28.003Z", "user": 1, "content_type": 13, "object_id": "65", "object_repr": "Ergonomic Mesh Chair with Armrest", "action_flag": 3, "change_message": ""}}, {"model": "admin.logentry", "pk": 220, "fields": {"action_time": "2020-11-25T09:00:28.007Z", "user": 1, "content_type": 13, "object_id": "64", "object_repr": "T-Shirts", "action_flag": 3, "change_message": ""}}, {"model": "admin.logentry", "pk": 221, "fields": {"action_time": "2020-11-25T09:02:27.594Z", "user": 1, "content_type": 13, "object_id": "67", "object_repr": "Ergonomic Mesh Chair with Armrest", "action_flag": 3, "change_message": ""}}, {"model": "admin.logentry", "pk": 222, "fields": {"action_time": "2020-11-25T09:02:27.599Z", "user": 1, "content_type": 13, "object_id": "66", "object_repr": "HP All-in-One - 22-c1063in", "action_flag": 3, "change_message": ""}}, {"model": "admin.logentry", "pk": 223, "fields": {"action_time": "2020-11-25T09:03:02.932Z", "user": 1, "content_type": 13, "object_id": "68", "object_repr": "ASUS VivoBook F510UA 15.6\u201d Full HD Nanoedge Laptop, Intel Core i5-8250U Processo", "action_flag": 3, "change_message": ""}}, {"model": "admin.logentry", "pk": 224, "fields": {"action_time": "2020-11-25T09:07:08.237Z", "user": 1, "content_type": 13, "object_id": "71", "object_repr": "ASUS VivoBook F510UA 15.6\u201d Full HD Nanoedge Laptop, Intel Core i5-8250U Processo", "action_flag": 3, "change_message": ""}}, {"model": "admin.logentry", "pk": 225, "fields": {"action_time": "2020-11-25T09:07:08.262Z", "user": 1, "content_type": 13, "object_id": "69", "object_repr": "T-Shirts", "action_flag": 3, "change_message": ""}}, {"model": "admin.logentry", "pk": 226, "fields": {"action_time": "2020-11-25T09:07:08.267Z", "user": 1, "content_type": 13, "object_id": "70", "object_repr": "Asus Core I7 Pro Laptop", "action_flag": 3, "change_message": ""}}, {"model": "admin.logentry", "pk": 227, "fields": {"action_time": "2020-11-25T09:10:31.404Z", "user": 1, "content_type": 13, "object_id": "75", "object_repr": "HP All-in-One - 22-c1063in", "action_flag": 3, "change_message": ""}}, {"model": "admin.logentry", "pk": 228, "fields": {"action_time": "2020-11-25T09:10:31.408Z", "user": 1, "content_type": 13, "object_id": "74", "object_repr": "Ergonomic Mesh Chair with Armrest", "action_flag": 3, "change_message": ""}}, {"model": "admin.logentry", "pk": 229, "fields": {"action_time": "2020-11-25T09:10:31.413Z", "user": 1, "content_type": 13, "object_id": "73", "object_repr": "T-Shirts", "action_flag": 3, "change_message": ""}}, {"model": "admin.logentry", "pk": 230, "fields": {"action_time": "2020-11-25T09:10:31.417Z", "user": 1, "content_type": 13, "object_id": "72", "object_repr": "Asus Core I7 Pro Laptop", "action_flag": 3, "change_message": ""}}, {"model": "admin.logentry", "pk": 231, "fields": {"action_time": "2020-11-25T09:16:19.461Z", "user": 1, "content_type": 13, "object_id": "77", "object_repr": "T-Shirts", "action_flag": 3, "change_message": ""}}, {"model": "admin.logentry", "pk": 232, "fields": {"action_time": "2020-11-25T09:24:40.882Z", "user": 1, "content_type": 13, "object_id": "82", "object_repr": "Ergonomic Mesh Chair with Armrest", "action_flag": 3, "change_message": ""}}, {"model": "admin.logentry", "pk": 233, "fields": {"action_time": "2020-11-25T09:24:40.885Z", "user": 1, "content_type": 13, "object_id": "81", "object_repr": "T-Shirts", "action_flag": 3, "change_message": ""}}, {"model": "admin.logentry", "pk": 234, "fields": {"action_time": "2020-11-25T09:24:40.890Z", "user": 1, "content_type": 13, "object_id": "80", "object_repr": "HP All-in-One - 22-c1063in", "action_flag": 3, "change_message": ""}}, {"model": "admin.logentry", "pk": 235, "fields": {"action_time": "2020-11-25T09:24:40.895Z", "user": 1, "content_type": 13, "object_id": "79", "object_repr": "T-Shirts", "action_flag": 3, "change_message": ""}}, {"model": "admin.logentry", "pk": 236, "fields": {"action_time": "2020-11-25T09:24:40.899Z", "user": 1, "content_type": 13, "object_id": "78", "object_repr": "Ergonomic Mesh Chair with Armrest", "action_flag": 3, "change_message": ""}}, {"model": "admin.logentry", "pk": 237, "fields": {"action_time": "2020-11-25T09:24:40.903Z", "user": 1, "content_type": 13, "object_id": "76", "object_repr": "ASUS VivoBook F510UA 15.6\u201d Full HD Nanoedge Laptop, Intel Core i5-8250U Processo", "action_flag": 3, "change_message": ""}}, {"model": "admin.logentry", "pk": 238, "fields": {"action_time": "2020-11-25T09:26:01.193Z", "user": 1, "content_type": 13, "object_id": "84", "object_repr": "ASUS VivoBook F510UA 15.6\u201d Full HD Nanoedge Laptop, Intel Core i5-8250U Processo", "action_flag": 3, "change_message": ""}}, {"model": "admin.logentry", "pk": 239, "fields": {"action_time": "2020-11-25T09:26:01.197Z", "user": 1, "content_type": 13, "object_id": "83", "object_repr": "HP All-in-One - 22-c1063in", "action_flag": 3, "change_message": ""}}, {"model": "admin.logentry", "pk": 240, "fields": {"action_time": "2020-11-25T09:31:58.612Z", "user": 1, "content_type": 13, "object_id": "87", "object_repr": "Ergonomic Mesh Chair with Armrest", "action_flag": 3, "change_message": ""}}, {"model": "admin.logentry", "pk": 241, "fields": {"action_time": "2020-11-25T09:31:58.616Z", "user": 1, "content_type": 13, "object_id": "86", "object_repr": "HP All-in-One - 22-c1063in", "action_flag": 3, "change_message": ""}}, {"model": "admin.logentry", "pk": 242, "fields": {"action_time": "2020-11-25T09:31:58.621Z", "user": 1, "content_type": 13, "object_id": "85", "object_repr": "T-Shirts", "action_flag": 3, "change_message": ""}}, {"model": "admin.logentry", "pk": 243, "fields": {"action_time": "2020-11-25T09:34:04.264Z", "user": 1, "content_type": 13, "object_id": "90", "object_repr": "T-Shirts", "action_flag": 3, "change_message": ""}}, {"model": "admin.logentry", "pk": 244, "fields": {"action_time": "2020-11-25T09:34:04.268Z", "user": 1, "content_type": 13, "object_id": "89", "object_repr": "Ergonomic Mesh Chair with Armrest", "action_flag": 3, "change_message": ""}}, {"model": "admin.logentry", "pk": 245, "fields": {"action_time": "2020-11-25T10:00:27.449Z", "user": 1, "content_type": 28, "object_id": "SAR", "object_repr": "SAR", "action_flag": 2, "change_message": "[{\"changed\": {\"fields\": [\"Active\", \"Info\"]}}]"}}, {"model": "admin.logentry", "pk": 246, "fields": {"action_time": "2020-11-25T10:01:46.725Z", "user": 1, "content_type": 28, "object_id": "EUR", "object_repr": "EUR", "action_flag": 2, "change_message": "[{\"changed\": {\"fields\": [\"Active\", \"Info\"]}}]"}}, {"model": "admin.logentry", "pk": 247, "fields": {"action_time": "2020-11-25T10:02:26.943Z", "user": 1, "content_type": 28, "object_id": "EUR", "object_repr": "EUR", "action_flag": 2, "change_message": "[{\"changed\": {\"fields\": [\"Active\", \"Info\"]}}]"}}, {"model": "admin.logentry", "pk": 248, "fields": {"action_time": "2020-11-25T10:03:08.817Z", "user": 1, "content_type": 28, "object_id": "SAR", "object_repr": "SAR", "action_flag": 2, "change_message": "[{\"changed\": {\"fields\": [\"Factor\", \"Info\"]}}]"}}, {"model": "admin.logentry", "pk": 249, "fields": {"action_time": "2020-11-25T10:03:42.960Z", "user": 1, "content_type": 28, "object_id": "SAR", "object_repr": "SAR", "action_flag": 2, "change_message": "[{\"changed\": {\"fields\": [\"Factor\", \"Info\"]}}]"}}, {"model": "admin.logentry", "pk": 250, "fields": {"action_time": "2020-11-25T10:03:54.980Z", "user": 1, "content_type": 28, "object_id": "TRY", "object_repr": "TRY", "action_flag": 2, "change_message": "[{\"changed\": {\"fields\": [\"Active\", \"Info\"]}}]"}}, {"model": "admin.logentry", "pk": 251, "fields": {"action_time": "2020-11-25T10:11:03.655Z", "user": 1, "content_type": 24, "object_id": "5", "object_repr": "Arabic", "action_flag": 1, "change_message": "[{\"added\": {}}]"}}, {"model": "admin.logentry", "pk": 252, "fields": {"action_time": "2020-11-25T10:11:45.810Z", "user": 1, "content_type": 24, "object_id": "5", "object_repr": "Arabic", "action_flag": 3, "change_message": ""}}, {"model": "admin.logentry", "pk": 253, "fields": {"action_time": "2020-11-25T10:22:32.937Z", "user": 1, "content_type": 24, "object_id": "6", "object_repr": "Arabic", "action_flag": 1, "change_message": "[{\"added\": {}}]"}}, {"model": "admin.logentry", "pk": 254, "fields": {"action_time": "2020-11-25T10:22:47.291Z", "user": 1, "content_type": 24, "object_id": "6", "object_repr": "Arabic", "action_flag": 3, "change_message": ""}}, {"model": "admin.logentry", "pk": 255, "fields": {"action_time": "2020-11-25T12:03:43.503Z", "user": 1, "content_type": 24, "object_id": "4", "object_repr": "\u0939\u093f\u0902\u0926\u0940 \u0926\u094d\u0935\u093e\u0930\u093e", "action_flag": 2, "change_message": "[]"}}, {"model": "admin.logentry", "pk": 256, "fields": {"action_time": "2020-11-25T12:04:20.068Z", "user": 1, "content_type": 24, "object_id": "3", "object_repr": "P\u0443\u0441\u0441\u043a\u0438\u0439", "action_flag": 2, "change_message": "[]"}}, {"model": "admin.logentry", "pk": 257, "fields": {"action_time": "2020-11-25T17:22:22.533Z", "user": 1, "content_type": 24, "object_id": "7", "object_repr": "\u02c8er\u0259bik", "action_flag": 1, "change_message": "[{\"added\": {}}]"}}, {"model": "admin.logentry", "pk": 258, "fields": {"action_time": "2020-11-25T17:26:28.347Z", "user": 1, "content_type": 27, "object_id": "1", "object_repr": "BestBuy Al\u0131\u015fveri\u015f Merkezi", "action_flag": 2, "change_message": "[{\"changed\": {\"fields\": [\"Lang\"]}}]"}}, {"model": "admin.logentry", "pk": 259, "fields": {"action_time": "2020-11-25T17:27:06.155Z", "user": 1, "content_type": 27, "object_id": "1", "object_repr": "BestBuy Al\u0131\u015fveri\u015f Merkezi", "action_flag": 2, "change_message": "[{\"changed\": {\"fields\": [\"Lang\"]}}]"}}, {"model": "admin.logentry", "pk": 260, "fields": {"action_time": "2020-11-25T17:28:29.525Z", "user": 1, "content_type": 27, "object_id": "2", "object_repr": "\u0623\u0641\u0636\u0644 \u0645\u0631\u0643\u0632 \u062a\u0633\u0648\u0642 \u0634\u0631\u0627\u0621", "action_flag": 1, "change_message": "[{\"added\": {}}]"}}, {"model": "admin.logentry", "pk": 261, "fields": {"action_time": "2020-11-25T17:35:00.872Z", "user": 1, "content_type": 26, "object_id": "19", "object_repr": "CategoryLang object (19)", "action_flag": 1, "change_message": "[{\"added\": {}}]"}}, {"model": "admin.logentry", "pk": 262, "fields": {"action_time": "2020-11-25T17:38:11.405Z", "user": 1, "content_type": 26, "object_id": "20", "object_repr": "CategoryLang object (20)", "action_flag": 1, "change_message": "[{\"added\": {}}]"}}, {"model": "admin.logentry", "pk": 263, "fields": {"action_time": "2020-11-25T17:40:30.196Z", "user": 1, "content_type": 27, "object_id": "2", "object_repr": "\u0623\u0641\u0636\u0644 \u0645\u0631\u0643\u0632 \u062a\u0633\u0648\u0642 \u0634\u0631\u0627\u0621", "action_flag": 2, "change_message": "[{\"changed\": {\"fields\": [\"Aboutus\"]}}]"}}, {"model": "admin.logentry", "pk": 264, "fields": {"action_time": "2020-11-25T17:42:38.973Z", "user": 1, "content_type": 27, "object_id": "2", "object_repr": "\u0623\u0641\u0636\u0644 \u0645\u0631\u0643\u0632 \u062a\u0633\u0648\u0642 \u0634\u0631\u0627\u0621", "action_flag": 2, "change_message": "[{\"changed\": {\"fields\": [\"Aboutus\"]}}]"}}, {"model": "admin.logentry", "pk": 265, "fields": {"action_time": "2020-11-25T17:43:27.733Z", "user": 1, "content_type": 27, "object_id": "2", "object_repr": "\u0623\u0641\u0636\u0644 \u0645\u0631\u0643\u0632 \u062a\u0633\u0648\u0642 \u0634\u0631\u0627\u0621", "action_flag": 2, "change_message": "[{\"changed\": {\"fields\": [\"Aboutus\"]}}]"}}, {"model": "admin.logentry", "pk": 266, "fields": {"action_time": "2020-11-25T17:44:05.215Z", "user": 1, "content_type": 27, "object_id": "2", "object_repr": "\u0623\u0641\u0636\u0644 \u0645\u0631\u0643\u0632 \u062a\u0633\u0648\u0642 \u0634\u0631\u0627\u0621", "action_flag": 2, "change_message": "[{\"changed\": {\"fields\": [\"Aboutus\"]}}]"}}, {"model": "admin.logentry", "pk": 267, "fields": {"action_time": "2020-11-25T17:45:26.466Z", "user": 1, "content_type": 27, "object_id": "2", "object_repr": "\u0623\u0641\u0636\u0644 \u0645\u0631\u0643\u0632 \u062a\u0633\u0648\u0642 \u0634\u0631\u0627\u0621", "action_flag": 2, "change_message": "[]"}}, {"model": "admin.logentry", "pk": 268, "fields": {"action_time": "2020-11-25T17:46:12.893Z", "user": 1, "content_type": 27, "object_id": "2", "object_repr": "\u0623\u0641\u0636\u0644 \u0645\u0631\u0643\u0632 \u062a\u0633\u0648\u0642 \u0634\u0631\u0627\u0621", "action_flag": 2, "change_message": "[{\"changed\": {\"fields\": [\"Aboutus\"]}}]"}}, {"model": "admin.logentry", "pk": 269, "fields": {"action_time": "2020-11-25T17:46:45.716Z", "user": 1, "content_type": 27, "object_id": "2", "object_repr": "\u0623\u0641\u0636\u0644 \u0645\u0631\u0643\u0632 \u062a\u0633\u0648\u0642 \u0634\u0631\u0627\u0621", "action_flag": 2, "change_message": "[]"}}, {"model": "admin.logentry", "pk": 270, "fields": {"action_time": "2020-11-26T19:07:18.354Z", "user": 1, "content_type": 13, "object_id": "97", "object_repr": "HP All-in-One - 22-c1063in", "action_flag": 3, "change_message": ""}}, {"model": "admin.logentry", "pk": 271, "fields": {"action_time": "2020-11-26T19:08:31.443Z", "user": 1, "content_type": 13, "object_id": "98", "object_repr": "HP All-in-One - 22-c1063in", "action_flag": 3, "change_message": ""}}, {"model": "admin.logentry", "pk": 272, "fields": {"action_time": "2020-11-26T19:10:37.277Z", "user": 1, "content_type": 13, "object_id": "99", "object_repr": "HP All-in-One - 22-c1063in", "action_flag": 3, "change_message": ""}}, {"model": "admin.logentry", "pk": 273, "fields": {"action_time": "2020-11-26T19:13:12.398Z", "user": 1, "content_type": 13, "object_id": "100", "object_repr": "HP All-in-One - 22-c1063in", "action_flag": 3, "change_message": ""}}, {"model": "admin.logentry", "pk": 274, "fields": {"action_time": "2020-11-26T19:15:30.684Z", "user": 1, "content_type": 13, "object_id": "101", "object_repr": "HP All-in-One - 22-c1063in", "action_flag": 3, "change_message": ""}}, {"model": "admin.logentry", "pk": 275, "fields": {"action_time": "2020-11-26T19:16:58.339Z", "user": 1, "content_type": 13, "object_id": "102", "object_repr": "HP All-in-One - 22-c1063in", "action_flag": 3, "change_message": ""}}, {"model": "admin.logentry", "pk": 276, "fields": {"action_time": "2020-11-26T19:22:21.309Z", "user": 1, "content_type": 13, "object_id": "104", "object_repr": "HP All-in-One - 22-c1063in", "action_flag": 3, "change_message": ""}}, {"model": "admin.logentry", "pk": 277, "fields": {"action_time": "2020-11-26T19:24:54.858Z", "user": 1, "content_type": 13, "object_id": "106", "object_repr": "HP All-in-One - 22-c1063in", "action_flag": 3, "change_message": ""}}, {"model": "admin.logentry", "pk": 278, "fields": {"action_time": "2020-11-26T19:25:02.833Z", "user": 1, "content_type": 13, "object_id": "105", "object_repr": "ASUS VivoBook F510UA 15.6\u201d Full HD Nanoedge Laptop, Intel Core i5-8250U Processo", "action_flag": 3, "change_message": ""}}, {"model": "admin.logentry", "pk": 279, "fields": {"action_time": "2020-11-26T19:28:15.907Z", "user": 1, "content_type": 13, "object_id": "108", "object_repr": "HP All-in-One - 22-c1063in", "action_flag": 3, "change_message": ""}}, {"model": "admin.logentry", "pk": 280, "fields": {"action_time": "2020-11-26T19:28:15.911Z", "user": 1, "content_type": 13, "object_id": "107", "object_repr": "HP All-in-One - 22-c1063in", "action_flag": 3, "change_message": ""}}, {"model": "admin.logentry", "pk": 281, "fields": {"action_time": "2020-11-26T19:30:12.265Z", "user": 1, "content_type": 13, "object_id": "110", "object_repr": "HP All-in-One - 22-c1063in", "action_flag": 3, "change_message": ""}}, {"model": "admin.logentry", "pk": 282, "fields": {"action_time": "2020-11-26T19:30:12.269Z", "user": 1, "content_type": 13, "object_id": "109", "object_repr": "HP All-in-One - 22-c1063in", "action_flag": 3, "change_message": ""}}, {"model": "admin.logentry", "pk": 283, "fields": {"action_time": "2020-11-26T19:31:35.735Z", "user": 1, "content_type": 13, "object_id": "112", "object_repr": "HP All-in-One - 22-c1063in", "action_flag": 3, "change_message": ""}}, {"model": "admin.logentry", "pk": 284, "fields": {"action_time": "2020-11-26T19:31:35.739Z", "user": 1, "content_type": 13, "object_id": "111", "object_repr": "HP All-in-One - 22-c1063in", "action_flag": 3, "change_message": ""}}, {"model": "admin.logentry", "pk": 285, "fields": {"action_time": "2020-11-26T20:15:11.411Z", "user": 1, "content_type": 28, "object_id": "SAR", "object_repr": "SAR", "action_flag": 2, "change_message": "[{\"changed\": {\"fields\": [\"Factor\", \"Info\"]}}]"}}, {"model": "admin.logentry", "pk": 286, "fields": {"action_time": "2020-11-26T20:16:31.778Z", "user": 1, "content_type": 28, "object_id": "SAR", "object_repr": "SAR", "action_flag": 2, "change_message": "[{\"changed\": {\"fields\": [\"Factor\", \"Info\"]}}]"}}, {"model": "admin.logentry", "pk": 287, "fields": {"action_time": "2020-11-26T20:18:03.586Z", "user": 1, "content_type": 28, "object_id": "SAR", "object_repr": "SAR", "action_flag": 2, "change_message": "[{\"changed\": {\"fields\": [\"Active\", \"Info\"]}}]"}}, {"model": "admin.logentry", "pk": 288, "fields": {"action_time": "2020-11-26T20:19:27.570Z", "user": 1, "content_type": 28, "object_id": "USD", "object_repr": "USD", "action_flag": 2, "change_message": "[{\"changed\": {\"fields\": [\"Default\", \"Info\"]}}]"}}, {"model": "admin.logentry", "pk": 289, "fields": {"action_time": "2020-11-26T20:19:48.188Z", "user": 1, "content_type": 28, "object_id": "USD", "object_repr": "USD", "action_flag": 2, "change_message": "[{\"changed\": {\"fields\": [\"Default\", \"Info\"]}}]"}}, {"model": "admin.logentry", "pk": 290, "fields": {"action_time": "2020-11-26T20:19:56.815Z", "user": 1, "content_type": 28, "object_id": "SAR", "object_repr": "SAR", "action_flag": 2, "change_message": "[{\"changed\": {\"fields\": [\"Active\", \"Info\"]}}]"}}, {"model": "admin.logentry", "pk": 291, "fields": {"action_time": "2020-11-26T20:20:23.545Z", "user": 1, "content_type": 28, "object_id": "SAR", "object_repr": "SAR", "action_flag": 2, "change_message": "[{\"changed\": {\"fields\": [\"Active\", \"Info\"]}}]"}}, {"model": "admin.logentry", "pk": 292, "fields": {"action_time": "2020-11-26T20:26:03.138Z", "user": 1, "content_type": 28, "object_id": "TRY", "object_repr": "TRY", "action_flag": 2, "change_message": "[{\"changed\": {\"fields\": [\"Active\", \"Info\"]}}]"}}, {"model": "admin.logentry", "pk": 293, "fields": {"action_time": "2020-11-26T20:31:26.590Z", "user": 1, "content_type": 28, "object_id": "TRY", "object_repr": "TRY", "action_flag": 2, "change_message": "[{\"changed\": {\"fields\": [\"Active\", \"Info\"]}}]"}}, {"model": "admin.logentry", "pk": 294, "fields": {"action_time": "2020-11-26T20:31:32.636Z", "user": 1, "content_type": 28, "object_id": "SAR", "object_repr": "SAR", "action_flag": 2, "change_message": "[{\"changed\": {\"fields\": [\"Active\", \"Info\"]}}]"}}, {"model": "admin.logentry", "pk": 295, "fields": {"action_time": "2020-11-26T20:39:43.532Z", "user": 1, "content_type": 15, "object_id": "1", "object_repr": "admin", "action_flag": 2, "change_message": "[{\"changed\": {\"fields\": [\"Currency\"]}}]"}}, {"model": "admin.logentry", "pk": 296, "fields": {"action_time": "2020-11-26T20:41:06.381Z", "user": 1, "content_type": 28, "object_id": "SAR", "object_repr": "SAR", "action_flag": 2, "change_message": "[{\"changed\": {\"fields\": [\"Active\", \"Info\"]}}]"}}, {"model": "admin.logentry", "pk": 297, "fields": {"action_time": "2020-11-26T20:42:02.294Z", "user": 1, "content_type": 15, "object_id": "2", "object_repr": "julia", "action_flag": 2, "change_message": "[{\"changed\": {\"fields\": [\"Currency\"]}}]"}}, {"model": "admin.logentry", "pk": 298, "fields": {"action_time": "2020-11-26T20:42:09.064Z", "user": 1, "content_type": 15, "object_id": "3", "object_repr": "yuksel", "action_flag": 2, "change_message": "[{\"changed\": {\"fields\": [\"Currency\"]}}]"}}, {"model": "admin.logentry", "pk": 299, "fields": {"action_time": "2020-11-26T20:42:16.229Z", "user": 1, "content_type": 15, "object_id": "3", "object_repr": "yuksel", "action_flag": 2, "change_message": "[{\"changed\": {\"fields\": [\"Language\"]}}]"}}, {"model": "admin.logentry", "pk": 300, "fields": {"action_time": "2020-11-27T03:35:44.882Z", "user": 4, "content_type": 13, "object_id": "143", "object_repr": "Asus Core I7 Pro Laptop", "action_flag": 3, "change_message": ""}}, {"model": "admin.logentry", "pk": 301, "fields": {"action_time": "2020-11-27T03:51:20.365Z", "user": 4, "content_type": 13, "object_id": "145", "object_repr": "Asus Core I7 Pro Laptop", "action_flag": 3, "change_message": ""}}, {"model": "admin.logentry", "pk": 302, "fields": {"action_time": "2020-11-27T03:57:07.694Z", "user": 4, "content_type": 15, "object_id": "4", "object_repr": "shergy", "action_flag": 2, "change_message": "[{\"changed\": {\"fields\": [\"Language\"]}}]"}}, {"model": "admin.logentry", "pk": 303, "fields": {"action_time": "2020-11-27T04:09:23.183Z", "user": 4, "content_type": 24, "object_id": "7", "object_repr": "\u0627\u0644\u0639\u0631\u0628\u064a\u0629", "action_flag": 2, "change_message": "[{\"changed\": {\"fields\": [\"Name\"]}}]"}}, {"model": "admin.logentry", "pk": 304, "fields": {"action_time": "2020-11-27T04:09:32.884Z", "user": 4, "content_type": 24, "object_id": "2", "object_repr": "T\u00fcrk\u00e7e", "action_flag": 2, "change_message": "[{\"changed\": {\"fields\": [\"Status\"]}}]"}}, {"model": "admin.logentry", "pk": 305, "fields": {"action_time": "2020-11-27T04:10:01.967Z", "user": 4, "content_type": 24, "object_id": "7", "object_repr": "\u0627\u0644\u0639\u0631\u0628\u064a\u0629", "action_flag": 2, "change_message": "[]"}}, {"model": "admin.logentry", "pk": 306, "fields": {"action_time": "2020-11-27T04:11:11.718Z", "user": 4, "content_type": 28, "object_id": "USD", "object_repr": "USD", "action_flag": 2, "change_message": "[{\"changed\": {\"fields\": [\"Active\", \"Base\", \"Default\", \"Info\"]}}]"}}, {"model": "admin.logentry", "pk": 307, "fields": {"action_time": "2020-11-27T04:11:19.917Z", "user": 4, "content_type": 28, "object_id": "SAR", "object_repr": "SAR", "action_flag": 2, "change_message": "[{\"changed\": {\"fields\": [\"Factor\", \"Info\"]}}]"}}, {"model": "admin.logentry", "pk": 308, "fields": {"action_time": "2020-11-27T04:11:31.060Z", "user": 4, "content_type": 28, "object_id": "SAR", "object_repr": "SAR", "action_flag": 2, "change_message": "[{\"changed\": {\"fields\": [\"Active\", \"Base\", \"Default\", \"Info\"]}}]"}}, {"model": "admin.logentry", "pk": 309, "fields": {"action_time": "2020-11-27T04:12:02.135Z", "user": 4, "content_type": 13, "object_id": "150", "object_repr": "Asus Core I7 Pro Laptop", "action_flag": 3, "change_message": ""}}, {"model": "admin.logentry", "pk": 310, "fields": {"action_time": "2020-11-27T04:12:02.451Z", "user": 4, "content_type": 13, "object_id": "149", "object_repr": "Asus Core I7 Pro Laptop", "action_flag": 3, "change_message": ""}}, {"model": "admin.logentry", "pk": 311, "fields": {"action_time": "2020-11-27T04:12:02.702Z", "user": 4, "content_type": 13, "object_id": "148", "object_repr": "T-Shirts", "action_flag": 3, "change_message": ""}}, {"model": "admin.logentry", "pk": 312, "fields": {"action_time": "2020-11-27T04:37:51.879Z", "user": 4, "content_type": 15, "object_id": "4", "object_repr": "shergy", "action_flag": 2, "change_message": "[{\"changed\": {\"fields\": [\"Currency\"]}}]"}}, {"model": "admin.logentry", "pk": 313, "fields": {"action_time": "2020-11-27T05:15:38.375Z", "user": 4, "content_type": 15, "object_id": "7", "object_repr": "Mohamed", "action_flag": 2, "change_message": "[{\"changed\": {\"fields\": [\"City\"]}}]"}}, {"model": "admin.logentry", "pk": 314, "fields": {"action_time": "2020-11-27T05:25:30.846Z", "user": 4, "content_type": 17, "object_id": "27", "object_repr": "Asus Core I7 Pro Laptop", "action_flag": 3, "change_message": ""}}, {"model": "admin.logentry", "pk": 315, "fields": {"action_time": "2020-11-27T05:25:31.217Z", "user": 4, "content_type": 17, "object_id": "26", "object_repr": "Asus Core I7 Pro Laptop", "action_flag": 3, "change_message": ""}}, {"model": "admin.logentry", "pk": 316, "fields": {"action_time": "2020-11-27T05:25:31.635Z", "user": 4, "content_type": 17, "object_id": "25", "object_repr": "T-Shirts", "action_flag": 3, "change_message": ""}}, {"model": "admin.logentry", "pk": 317, "fields": {"action_time": "2020-11-27T05:25:31.877Z", "user": 4, "content_type": 17, "object_id": "24", "object_repr": "HP All-in-One - 22-c1063in", "action_flag": 3, "change_message": ""}}, {"model": "admin.logentry", "pk": 318, "fields": {"action_time": "2020-11-27T05:25:32.129Z", "user": 4, "content_type": 17, "object_id": "23", "object_repr": "HP All-in-One - 22-c1063in", "action_flag": 3, "change_message": ""}}, {"model": "admin.logentry", "pk": 319, "fields": {"action_time": "2020-11-27T05:25:32.616Z", "user": 4, "content_type": 17, "object_id": "22", "object_repr": "T-Shirts", "action_flag": 3, "change_message": ""}}, {"model": "admin.logentry", "pk": 320, "fields": {"action_time": "2020-11-27T05:25:32.867Z", "user": 4, "content_type": 17, "object_id": "21", "object_repr": "T-Shirts", "action_flag": 3, "change_message": ""}}, {"model": "admin.logentry", "pk": 321, "fields": {"action_time": "2020-11-27T05:25:33.118Z", "user": 4, "content_type": 17, "object_id": "20", "object_repr": "Iphone 11 Plus", "action_flag": 3, "change_message": ""}}, {"model": "admin.logentry", "pk": 322, "fields": {"action_time": "2020-11-27T05:25:33.360Z", "user": 4, "content_type": 17, "object_id": "19", "object_repr": "Ergonomic Mesh Chair with Armrest", "action_flag": 3, "change_message": ""}}, {"model": "admin.logentry", "pk": 323, "fields": {"action_time": "2020-11-27T05:25:33.622Z", "user": 4, "content_type": 17, "object_id": "18", "object_repr": "HP All-in-One - 22-c1063in", "action_flag": 3, "change_message": ""}}, {"model": "admin.logentry", "pk": 324, "fields": {"action_time": "2020-11-27T05:25:33.862Z", "user": 4, "content_type": 17, "object_id": "17", "object_repr": "T-Shirts", "action_flag": 3, "change_message": ""}}, {"model": "admin.logentry", "pk": 325, "fields": {"action_time": "2020-11-27T05:25:34.170Z", "user": 4, "content_type": 17, "object_id": "16", "object_repr": "T-Shirts", "action_flag": 3, "change_message": ""}}, {"model": "admin.logentry", "pk": 326, "fields": {"action_time": "2020-11-27T05:25:34.532Z", "user": 4, "content_type": 17, "object_id": "15", "object_repr": "Samasung 82\" TU8000 4K UHD Smart TV (2020)", "action_flag": 3, "change_message": ""}}, {"model": "admin.logentry", "pk": 327, "fields": {"action_time": "2020-11-27T05:25:34.894Z", "user": 4, "content_type": 17, "object_id": "14", "object_repr": "Samsun Galaxy 12 128 GB Plus Smart Phone", "action_flag": 3, "change_message": ""}}, {"model": "admin.logentry", "pk": 328, "fields": {"action_time": "2020-11-27T05:25:35.258Z", "user": 4, "content_type": 17, "object_id": "13", "object_repr": "T-Shirts", "action_flag": 3, "change_message": ""}}, {"model": "admin.logentry", "pk": 329, "fields": {"action_time": "2020-11-27T05:25:35.610Z", "user": 4, "content_type": 17, "object_id": "12", "object_repr": "Samasung 82\" TU8000 4K UHD Smart TV (2020)", "action_flag": 3, "change_message": ""}}, {"model": "admin.logentry", "pk": 330, "fields": {"action_time": "2020-11-27T05:25:35.850Z", "user": 4, "content_type": 17, "object_id": "11", "object_repr": "Samsun Galaxy 12 128 GB Plus Smart Phone", "action_flag": 3, "change_message": ""}}, {"model": "admin.logentry", "pk": 331, "fields": {"action_time": "2020-11-27T05:25:36.092Z", "user": 4, "content_type": 17, "object_id": "10", "object_repr": "Samsun Galaxy 12 128 GB Plus Smart Phone", "action_flag": 3, "change_message": ""}}, {"model": "admin.logentry", "pk": 332, "fields": {"action_time": "2020-11-27T05:25:36.343Z", "user": 4, "content_type": 17, "object_id": "9", "object_repr": "Samsun Galaxy 12 128 GB Plus Smart Phone", "action_flag": 3, "change_message": ""}}, {"model": "admin.logentry", "pk": 333, "fields": {"action_time": "2020-11-27T05:25:36.594Z", "user": 4, "content_type": 17, "object_id": "8", "object_repr": "ASUS VivoBook F510UA 15.6\u201d Full HD Nanoedge Laptop, Intel Core i5-8250U Processo", "action_flag": 3, "change_message": ""}}, {"model": "admin.logentry", "pk": 334, "fields": {"action_time": "2020-11-27T05:25:36.845Z", "user": 4, "content_type": 17, "object_id": "7", "object_repr": "Vestel 75 inch led 4k Super Sound Smart Tv", "action_flag": 3, "change_message": ""}}, {"model": "admin.logentry", "pk": 335, "fields": {"action_time": "2020-11-27T05:25:37.085Z", "user": 4, "content_type": 17, "object_id": "6", "object_repr": "Samasung 82\" TU8000 4K UHD Smart TV (2020)", "action_flag": 3, "change_message": ""}}, {"model": "admin.logentry", "pk": 336, "fields": {"action_time": "2020-11-27T05:25:37.355Z", "user": 4, "content_type": 17, "object_id": "5", "object_repr": "Iphone 11 Plus", "action_flag": 3, "change_message": ""}}, {"model": "admin.logentry", "pk": 337, "fields": {"action_time": "2020-11-27T05:25:37.600Z", "user": 4, "content_type": 17, "object_id": "4", "object_repr": "Samsun Galaxy 12 128 GB Plus Smart Phone", "action_flag": 3, "change_message": ""}}, {"model": "admin.logentry", "pk": 338, "fields": {"action_time": "2020-11-27T05:25:37.907Z", "user": 4, "content_type": 17, "object_id": "3", "object_repr": "Blue White Women Bag", "action_flag": 3, "change_message": ""}}, {"model": "admin.logentry", "pk": 339, "fields": {"action_time": "2020-11-27T05:25:38.650Z", "user": 4, "content_type": 17, "object_id": "2", "object_repr": "Samasung 82\" TU8000 4K UHD Smart TV (2020)", "action_flag": 3, "change_message": ""}}, {"model": "admin.logentry", "pk": 340, "fields": {"action_time": "2020-11-27T05:25:39.056Z", "user": 4, "content_type": 17, "object_id": "1", "object_repr": "Vestel 75 inch led 4k Super Sound Smart Tv", "action_flag": 3, "change_message": ""}}, {"model": "admin.logentry", "pk": 341, "fields": {"action_time": "2020-11-27T08:21:36.839Z", "user": 4, "content_type": 27, "object_id": "2", "object_repr": "\u0623\u0641\u0636\u0644 \u0645\u0631\u0643\u0632 \u062a\u0633\u0648\u0642 \u0634\u0631\u0627\u0621", "action_flag": 2, "change_message": "[{\"changed\": {\"fields\": [\"Contact\"]}}]"}}, {"model": "admin.logentry", "pk": 342, "fields": {"action_time": "2020-11-27T08:23:57.962Z", "user": 4, "content_type": 26, "object_id": "18", "object_repr": "CategoryLang object (18)", "action_flag": 2, "change_message": "[{\"changed\": {\"fields\": [\"Lang\", \"Title\", \"Keywords\", \"Slug\", \"Description\"]}}]"}}, {"model": "admin.logentry", "pk": 343, "fields": {"action_time": "2020-11-27T08:25:13.118Z", "user": 4, "content_type": 26, "object_id": "17", "object_repr": "CategoryLang object (17)", "action_flag": 2, "change_message": "[{\"changed\": {\"fields\": [\"Lang\", \"Title\", \"Keywords\", \"Slug\", \"Description\"]}}]"}}, {"model": "admin.logentry", "pk": 344, "fields": {"action_time": "2020-11-27T08:25:49.744Z", "user": 4, "content_type": 26, "object_id": "14", "object_repr": "CategoryLang object (14)", "action_flag": 2, "change_message": "[{\"changed\": {\"fields\": [\"Title\", \"Keywords\", \"Slug\", \"Description\"]}}]"}}, {"model": "admin.logentry", "pk": 345, "fields": {"action_time": "2020-11-27T08:25:58.930Z", "user": 4, "content_type": 26, "object_id": "14", "object_repr": "CategoryLang object (14)", "action_flag": 2, "change_message": "[{\"changed\": {\"fields\": [\"Lang\"]}}]"}}, {"model": "admin.logentry", "pk": 346, "fields": {"action_time": "2020-11-27T08:27:00.513Z", "user": 4, "content_type": 26, "object_id": "6", "object_repr": "CategoryLang object (6)", "action_flag": 2, "change_message": "[{\"changed\": {\"fields\": [\"Lang\", \"Title\", \"Keywords\", \"Slug\", \"Description\"]}}]"}}, {"model": "admin.logentry", "pk": 347, "fields": {"action_time": "2020-11-27T08:28:45.219Z", "user": 4, "content_type": 26, "object_id": "11", "object_repr": "CategoryLang object (11)", "action_flag": 2, "change_message": "[{\"changed\": {\"fields\": [\"Title\", \"Keywords\", \"Slug\", \"Description\"]}}]"}}, {"model": "admin.logentry", "pk": 348, "fields": {"action_time": "2020-11-27T08:28:45.715Z", "user": 4, "content_type": 26, "object_id": "11", "object_repr": "CategoryLang object (11)", "action_flag": 2, "change_message": "[]"}}, {"model": "admin.logentry", "pk": 349, "fields": {"action_time": "2020-11-27T08:28:50.936Z", "user": 4, "content_type": 26, "object_id": "11", "object_repr": "CategoryLang object (11)", "action_flag": 2, "change_message": "[{\"changed\": {\"fields\": [\"Lang\"]}}]"}}, {"model": "admin.logentry", "pk": 350, "fields": {"action_time": "2020-11-27T08:29:32.417Z", "user": 4, "content_type": 26, "object_id": "13", "object_repr": "CategoryLang object (13)", "action_flag": 2, "change_message": "[{\"changed\": {\"fields\": [\"Title\", \"Keywords\", \"Slug\", \"Description\"]}}]"}}, {"model": "admin.logentry", "pk": 351, "fields": {"action_time": "2020-11-27T08:29:38.632Z", "user": 4, "content_type": 26, "object_id": "13", "object_repr": "CategoryLang object (13)", "action_flag": 2, "change_message": "[{\"changed\": {\"fields\": [\"Lang\"]}}]"}}, {"model": "admin.logentry", "pk": 352, "fields": {"action_time": "2020-11-27T08:31:42.109Z", "user": 4, "content_type": 26, "object_id": "15", "object_repr": "CategoryLang object (15)", "action_flag": 2, "change_message": "[{\"changed\": {\"fields\": [\"Title\", \"Keywords\", \"Slug\", \"Description\"]}}]"}}, {"model": "admin.logentry", "pk": 353, "fields": {"action_time": "2020-11-27T08:31:48.537Z", "user": 4, "content_type": 26, "object_id": "15", "object_repr": "CategoryLang object (15)", "action_flag": 2, "change_message": "[{\"changed\": {\"fields\": [\"Lang\"]}}]"}}, {"model": "admin.logentry", "pk": 354, "fields": {"action_time": "2020-11-27T08:32:12.619Z", "user": 4, "content_type": 26, "object_id": "16", "object_repr": "CategoryLang object (16)", "action_flag": 2, "change_message": "[{\"changed\": {\"fields\": [\"Lang\", \"Slug\"]}}]"}}, {"model": "admin.logentry", "pk": 355, "fields": {"action_time": "2020-11-27T08:32:56.810Z", "user": 4, "content_type": 26, "object_id": "12", "object_repr": "CategoryLang object (12)", "action_flag": 2, "change_message": "[{\"changed\": {\"fields\": [\"Lang\", \"Title\", \"Keywords\", \"Slug\", \"Description\"]}}]"}}, {"model": "admin.logentry", "pk": 356, "fields": {"action_time": "2020-11-27T08:33:39.974Z", "user": 4, "content_type": 26, "object_id": "1", "object_repr": "CategoryLang object (1)", "action_flag": 2, "change_message": "[{\"changed\": {\"fields\": [\"Lang\", \"Title\", \"Keywords\", \"Slug\", \"Description\"]}}]"}}, {"model": "admin.logentry", "pk": 357, "fields": {"action_time": "2020-11-27T08:34:26.888Z", "user": 4, "content_type": 26, "object_id": "7", "object_repr": "CategoryLang object (7)", "action_flag": 2, "change_message": "[{\"changed\": {\"fields\": [\"Lang\", \"Title\", \"Keywords\", \"Slug\", \"Description\"]}}]"}}, {"model": "admin.logentry", "pk": 358, "fields": {"action_time": "2020-11-27T08:35:05.180Z", "user": 4, "content_type": 26, "object_id": "8", "object_repr": "CategoryLang object (8)", "action_flag": 2, "change_message": "[{\"changed\": {\"fields\": [\"Lang\", \"Title\", \"Keywords\", \"Slug\", \"Description\"]}}]"}}, {"model": "admin.logentry", "pk": 359, "fields": {"action_time": "2020-11-27T08:35:42.885Z", "user": 4, "content_type": 26, "object_id": "5", "object_repr": "CategoryLang object (5)", "action_flag": 2, "change_message": "[{\"changed\": {\"fields\": [\"Lang\", \"Title\", \"Keywords\", \"Slug\", \"Description\"]}}]"}}, {"model": "admin.logentry", "pk": 360, "fields": {"action_time": "2020-11-27T08:36:23.211Z", "user": 4, "content_type": 26, "object_id": "9", "object_repr": "CategoryLang object (9)", "action_flag": 2, "change_message": "[{\"changed\": {\"fields\": [\"Lang\", \"Title\", \"Keywords\", \"Slug\", \"Description\"]}}]"}}, {"model": "admin.logentry", "pk": 361, "fields": {"action_time": "2020-11-27T08:37:21.322Z", "user": 4, "content_type": 26, "object_id": "3", "object_repr": "CategoryLang object (3)", "action_flag": 2, "change_message": "[{\"changed\": {\"fields\": [\"Lang\", \"Title\", \"Keywords\", \"Slug\", \"Description\"]}}]"}}, {"model": "admin.logentry", "pk": 362, "fields": {"action_time": "2020-11-27T08:38:00.219Z", "user": 4, "content_type": 26, "object_id": "10", "object_repr": "CategoryLang object (10)", "action_flag": 2, "change_message": "[{\"changed\": {\"fields\": [\"Lang\", \"Title\", \"Keywords\", \"Slug\", \"Description\"]}}]"}}, {"model": "admin.logentry", "pk": 363, "fields": {"action_time": "2020-11-27T08:38:31.761Z", "user": 4, "content_type": 26, "object_id": "2", "object_repr": "CategoryLang object (2)", "action_flag": 2, "change_message": "[{\"changed\": {\"fields\": [\"Lang\", \"Title\", \"Keywords\", \"Slug\", \"Description\"]}}]"}}, {"model": "admin.logentry", "pk": 364, "fields": {"action_time": "2020-11-27T08:39:18.192Z", "user": 4, "content_type": 26, "object_id": "4", "object_repr": "CategoryLang object (4)", "action_flag": 2, "change_message": "[{\"changed\": {\"fields\": [\"Lang\", \"Title\", \"Keywords\", \"Slug\", \"Description\"]}}]"}}, {"model": "admin.logentry", "pk": 365, "fields": {"action_time": "2020-11-27T09:41:35.781Z", "user": 4, "content_type": 25, "object_id": "4", "object_repr": "ProductLang object (4)", "action_flag": 2, "change_message": "[{\"changed\": {\"fields\": [\"Title\", \"Keywords\", \"Description\", \"Slug\", \"Detail\"]}}]"}}, {"model": "admin.logentry", "pk": 366, "fields": {"action_time": "2020-11-27T09:41:43.496Z", "user": 4, "content_type": 25, "object_id": "4", "object_repr": "ProductLang object (4)", "action_flag": 2, "change_message": "[{\"changed\": {\"fields\": [\"Lang\"]}}]"}}, {"model": "admin.logentry", "pk": 367, "fields": {"action_time": "2020-11-27T09:42:32.076Z", "user": 4, "content_type": 25, "object_id": "3", "object_repr": "ProductLang object (3)", "action_flag": 2, "change_message": "[{\"changed\": {\"fields\": [\"Title\", \"Keywords\", \"Description\", \"Detail\"]}}]"}}, {"model": "admin.logentry", "pk": 368, "fields": {"action_time": "2020-11-27T09:42:38.674Z", "user": 4, "content_type": 25, "object_id": "3", "object_repr": "ProductLang object (3)", "action_flag": 2, "change_message": "[{\"changed\": {\"fields\": [\"Lang\"]}}]"}}, {"model": "admin.logentry", "pk": 369, "fields": {"action_time": "2020-11-27T09:43:30.987Z", "user": 4, "content_type": 25, "object_id": "2", "object_repr": "ProductLang object (2)", "action_flag": 2, "change_message": "[{\"changed\": {\"fields\": [\"Lang\", \"Title\", \"Keywords\", \"Description\", \"Detail\"]}}]"}}, {"model": "admin.logentry", "pk": 370, "fields": {"action_time": "2020-11-27T09:45:19.692Z", "user": 4, "content_type": 25, "object_id": "1", "object_repr": "ProductLang object (1)", "action_flag": 2, "change_message": "[{\"changed\": {\"fields\": [\"Lang\", \"Title\", \"Keywords\", \"Description\", \"Slug\", \"Detail\"]}}]"}}, {"model": "admin.logentry", "pk": 371, "fields": {"action_time": "2020-11-27T09:46:06.557Z", "user": 4, "content_type": 25, "object_id": "2", "object_repr": "ProductLang object (2)", "action_flag": 2, "change_message": "[{\"changed\": {\"fields\": [\"Title\", \"Keywords\", \"Description\", \"Detail\"]}}]"}}, {"model": "admin.logentry", "pk": 372, "fields": {"action_time": "2020-11-27T10:33:20.947Z", "user": 4, "content_type": 1, "object_id": "24", "object_repr": "Tiles", "action_flag": 1, "change_message": "[{\"added\": {}}, {\"added\": {\"name\": \"category lang\", \"object\": \"CategoryLang object (21)\"}}]"}}, {"model": "admin.logentry", "pk": 373, "fields": {"action_time": "2020-11-27T10:34:53.174Z", "user": 4, "content_type": 1, "object_id": "25", "object_repr": "Tiles / Porcelain", "action_flag": 1, "change_message": "[{\"added\": {}}, {\"added\": {\"name\": \"category lang\", \"object\": \"CategoryLang object (22)\"}}]"}}, {"model": "admin.logentry", "pk": 374, "fields": {"action_time": "2020-11-27T10:46:14.012Z", "user": 4, "content_type": 8, "object_id": "17", "object_repr": "Porcelain 50*40", "action_flag": 1, "change_message": "[{\"added\": {}}, {\"added\": {\"name\": \"images\", \"object\": \"green22\"}}, {\"added\": {\"name\": \"variants\", \"object\": \"red\"}}, {\"added\": {\"name\": \"variants\", \"object\": \"yellow\"}}, {\"added\": {\"name\": \"product lang\", \"object\": \"ProductLang object (5)\"}}]"}}, {"model": "admin.logentry", "pk": 375, "fields": {"action_time": "2020-11-27T10:49:55.915Z", "user": 4, "content_type": 8, "object_id": "17", "object_repr": "Porcelain 50*40", "action_flag": 2, "change_message": "[{\"changed\": {\"name\": \"variants\", \"object\": \"red\", \"fields\": [\"Image id\"]}}, {\"changed\": {\"name\": \"variants\", \"object\": \"yellow\", \"fields\": [\"Image id\"]}}]"}}, {"model": "admin.logentry", "pk": 376, "fields": {"action_time": "2020-11-27T10:52:02.040Z", "user": 4, "content_type": 8, "object_id": "17", "object_repr": "Porcelain 50*40", "action_flag": 2, "change_message": "[{\"changed\": {\"name\": \"variants\", \"object\": \"red\", \"fields\": [\"Size\"]}}, {\"changed\": {\"name\": \"variants\", \"object\": \"yellow\", \"fields\": [\"Size\"]}}]"}}, {"model": "admin.logentry", "pk": 377, "fields": {"action_time": "2020-11-27T10:54:10.412Z", "user": 4, "content_type": 8, "object_id": "15", "object_repr": "Ergonomic Mesh Chair with Armrest", "action_flag": 2, "change_message": "[{\"deleted\": {\"name\": \"variants\", \"object\": \"Ergonomic Mesh Chair with Armrest Gray\"}}]"}}, {"model": "admin.logentry", "pk": 378, "fields": {"action_time": "2020-11-27T10:54:47.783Z", "user": 4, "content_type": 8, "object_id": "15", "object_repr": "Ergonomic Mesh Chair with Armrest", "action_flag": 2, "change_message": "[{\"deleted\": {\"name\": \"images\", \"object\": \"Gray\"}}]"}}, {"model": "admin.logentry", "pk": 379, "fields": {"action_time": "2020-11-27T11:00:50.030Z", "user": 4, "content_type": 8, "object_id": "15", "object_repr": "Ergonomic Mesh Chair with Armrest", "action_flag": 2, "change_message": "[{\"added\": {\"name\": \"images\", \"object\": \"bule\"}}]"}}, {"model": "admin.logentry", "pk": 380, "fields": {"action_time": "2020-11-27T11:02:03.173Z", "user": 4, "content_type": 8, "object_id": "15", "object_repr": "Ergonomic Mesh Chair with Armrest", "action_flag": 2, "change_message": "[{\"added\": {\"name\": \"variants\", \"object\": \"Ergonomic Mesh Chair with Armrest  blue\"}}]"}}, {"model": "admin.logentry", "pk": 381, "fields": {"action_time": "2020-11-27T11:03:33.182Z", "user": 4, "content_type": 8, "object_id": "17", "object_repr": "Porcelain 50*40", "action_flag": 2, "change_message": "[{\"added\": {\"name\": \"images\", \"object\": \"blue\"}}, {\"changed\": {\"name\": \"variants\", \"object\": \"blue\", \"fields\": [\"Title\"]}}]"}}, {"model": "admin.logentry", "pk": 382, "fields": {"action_time": "2020-11-27T11:04:04.844Z", "user": 4, "content_type": 8, "object_id": "17", "object_repr": "Porcelain 50*40", "action_flag": 2, "change_message": "[{\"changed\": {\"name\": \"variants\", \"object\": \"blue\", \"fields\": [\"Color\", \"Image id\"]}}]"}}, {"model": "admin.logentry", "pk": 383, "fields": {"action_time": "2020-11-27T11:07:12.233Z", "user": 4, "content_type": 8, "object_id": "17", "object_repr": "Porcelain 50*40", "action_flag": 2, "change_message": "[{\"added\": {\"name\": \"product lang\", \"object\": \"ProductLang object (6)\"}}]"}}, {"model": "admin.logentry", "pk": 384, "fields": {"action_time": "2020-11-27T11:10:33.003Z", "user": 4, "content_type": 22, "object_id": "28", "object_repr": "\u0628\u0648\u0631\u0633\u0644\u064a\u0646", "action_flag": 1, "change_message": "[{\"added\": {}}]"}}, {"model": "admin.logentry", "pk": 385, "fields": {"action_time": "2020-11-27T11:14:40.839Z", "user": 4, "content_type": 8, "object_id": "17", "object_repr": "Porcelain 50*40", "action_flag": 2, "change_message": "[{\"changed\": {\"fields\": [\"Variant\"]}}]"}}, {"model": "admin.logentry", "pk": 386, "fields": {"action_time": "2020-11-27T12:53:59.296Z", "user": 10, "content_type": 28, "object_id": "USD", "object_repr": "USD", "action_flag": 2, "change_message": "[{\"changed\": {\"fields\": [\"Active\", \"Info\"]}}]"}}, {"model": "admin.logentry", "pk": 387, "fields": {"action_time": "2020-11-27T21:15:39.610Z", "user": 12, "content_type": 1, "object_id": "24", "object_repr": "Tiles", "action_flag": 2, "change_message": "[{\"changed\": {\"fields\": [\"tree_id\"]}}]"}}, {"model": "admin.logentry", "pk": 388, "fields": {"action_time": "2020-11-27T21:15:47.747Z", "user": 12, "content_type": 1, "object_id": "24", "object_repr": "Tiles", "action_flag": 2, "change_message": "[{\"changed\": {\"fields\": []}}]"}}, {"model": "admin.logentry", "pk": 389, "fields": {"action_time": "2020-11-29T18:38:45.137Z", "user": 12, "content_type": 15, "object_id": "9", "object_repr": "kingbibah", "action_flag": 1, "change_message": "[{\"added\": {}}]"}}, {"model": "admin.logentry", "pk": 390, "fields": {"action_time": "2020-11-29T18:41:29.923Z", "user": 12, "content_type": 15, "object_id": "9", "object_repr": "kingbibah", "action_flag": 3, "change_message": ""}}, {"model": "product.comment", "pk": 1, "fields": {"product": 11, "user": 1, "subject": "test", "comment": "I like this phone", "rate": 1, "ip": "127.0.0.1", "status": "True", "create_at": "2020-04-24T00:43:56.781Z", "update_at": "2020-04-24T00:51:50.484Z"}}, {"model": "product.comment", "pk": 2, "fields": {"product": 11, "user": 1, "subject": "I didn't like this phone", "comment": "I don't like this phone, battery not god", "rate": 4, "ip": "127.0.0.1", "status": "True", "create_at": "2020-04-24T00:49:18.151Z", "update_at": "2020-04-24T00:51:42.182Z"}}, {"model": "product.comment", "pk": 4, "fields": {"product": 11, "user": 1, "subject": "Good Phone", "comment": "Very nice phone", "rate": 5, "ip": "127.0.0.1", "status": "True", "create_at": "2020-04-24T01:36:58.996Z", "update_at": "2020-04-24T01:37:33.259Z"}}, {"model": "product.comment", "pk": 5, "fields": {"product": 11, "user": 1, "subject": "aaaaaa", "comment": "yyyyyy", "rate": 5, "ip": "127.0.0.1", "status": "True", "create_at": "2020-05-13T10:50:59.590Z", "update_at": "2020-05-13T10:51:40.159Z"}}, {"model": "product.comment", "pk": 6, "fields": {"product": 11, "user": 3, "subject": "Best Phone", "comment": "I like it", "rate": 5, "ip": "127.0.0.1", "status": "True", "create_at": "2020-05-13T23:30:27.267Z", "update_at": "2020-05-13T23:33:45.536Z"}}, {"model": "product.comment", "pk": 7, "fields": {"product": 1, "user": 1, "subject": "Nice Prodcut", "comment": "Cool procudt", "rate": 3, "ip": "", "status": "New", "create_at": "2020-05-18T22:28:11.591Z", "update_at": "2020-05-18T22:28:11.591Z"}}, {"model": "product.comment", "pk": 8, "fields": {"product": 1, "user": 1, "subject": "I dont like", "comment": "product dosen't work", "rate": 3, "ip": "", "status": "New", "create_at": "2020-05-18T22:29:50.572Z", "update_at": "2020-05-18T22:29:50.573Z"}}, {"model": "order.orderproduct", "pk": 28, "fields": {"order": 13, "user": 5, "product": 14, "variant": null, "quantity": 1, "price": 10.0, "amount": 10.0, "status": "New", "create_at": "2020-11-27T07:54:10.606Z", "update_at": "2020-11-27T07:54:10.607Z"}}, {"model": "order.order", "pk": 1, "fields": {"user": 1, "code": "7CSQ2", "first_name": "Yuksel", "last_name": "Celik", "phone": "234234234523", "address": "Western Avenue Nr: 40", "city": "Albany/ New York", "country": "", "total": 18296.0, "status": "OnShipping", "ip": "127.0.0.1", "adminnote": "Track Nr: Fedex : 234234523525", "create_at": "2020-05-03T17:05:45.315Z", "update_at": "2020-05-09T16:35:41.338Z"}}, {"model": "order.order", "pk": 2, "fields": {"user": 1, "code": "4GZYL", "first_name": "Robert", "last_name": "White", "phone": "2342342", "address": "Western Avenue Nr: 40", "city": "Ankara", "country": "", "total": 11781.0, "status": "Accepted", "ip": "127.0.0.1", "adminnote": "Preparing for shipping", "create_at": "2020-05-09T16:23:01.286Z", "update_at": "2020-05-09T16:35:02.573Z"}}, {"model": "order.order", "pk": 3, "fields": {"user": 1, "code": "WZALO", "first_name": "Alex", "last_name": "Celik", "phone": "1233445", "address": "Western Avenue Nr: 40", "city": "Istanbul", "country": "", "total": 5650.0, "status": "New", "ip": "127.0.0.1", "adminnote": "", "create_at": "2020-05-20T01:01:44.407Z", "update_at": "2020-05-20T01:01:44.407Z"}}, {"model": "order.order", "pk": 4, "fields": {"user": 1, "code": "CB2S6", "first_name": "Alex", "last_name": "Celik", "phone": "1233445", "address": "Western Avenue Nr: 40", "city": "Istanbul", "country": "", "total": 5650.0, "status": "New", "ip": "127.0.0.1", "adminnote": "", "create_at": "2020-05-20T01:03:00.586Z", "update_at": "2020-05-20T01:03:00.586Z"}}, {"model": "order.order", "pk": 5, "fields": {"user": 1, "code": "FIEZH", "first_name": "Adam", "last_name": "Sander", "phone": "1233445", "address": "Western Avenue Nr: 40", "city": "Istanbul", "country": "", "total": 5650.0, "status": "New", "ip": "127.0.0.1", "adminnote": "", "create_at": "2020-05-20T01:06:45.757Z", "update_at": "2020-05-20T01:06:45.757Z"}}, {"model": "order.order", "pk": 6, "fields": {"user": 1, "code": "ZZK8O", "first_name": "Adam", "last_name": "Sander", "phone": "1233445", "address": "Western Avenue Nr: 40", "city": "Istanbul", "country": "", "total": 5650.0, "status": "New", "ip": "127.0.0.1", "adminnote": "", "create_at": "2020-05-20T01:07:11.500Z", "update_at": "2020-05-20T01:07:11.500Z"}}, {"model": "order.order", "pk": 7, "fields": {"user": 1, "code": "G9FIN", "first_name": "Barack", "last_name": "OBAMA", "phone": "1233445", "address": "Western Avenue Nr: 40", "city": "Istanbul", "country": "", "total": 947.0, "status": "New", "ip": "127.0.0.1", "adminnote": "", "create_at": "2020-05-21T02:34:24.401Z", "update_at": "2020-05-21T02:34:24.401Z"}}, {"model": "order.order", "pk": 8, "fields": {"user": 1, "code": "HND5R", "first_name": "Alex", "last_name": "White", "phone": "234234", "address": "Safranbolu", "city": "Karabuk", "country": "", "total": 400.0, "status": "New", "ip": "127.0.0.1", "adminnote": "", "create_at": "2020-11-26T19:32:29.851Z", "update_at": "2020-11-26T19:32:29.851Z"}}, {"model": "order.order", "pk": 9, "fields": {"user": 1, "code": "ZOBUZ", "first_name": "Alex", "last_name": "White", "phone": "234234", "address": "Safranbolu", "city": "Karabuk", "country": "", "total": 200.0, "status": "New", "ip": "127.0.0.1", "adminnote": "", "create_at": "2020-11-26T19:37:09.229Z", "update_at": "2020-11-26T19:37:09.229Z"}}, {"model": "order.order", "pk": 10, "fields": {"user": 1, "code": "B9CPO", "first_name": "Alex", "last_name": "White", "phone": "234234", "address": "Safranbolu", "city": "Karabuk", "country": "", "total": 1100.0, "status": "New", "ip": "127.0.0.1", "adminnote": "", "create_at": "2020-11-26T23:05:50.937Z", "update_at": "2020-11-26T23:05:50.937Z"}}, {"model": "order.order", "pk": 11, "fields": {"user": 1, "code": "SV3NL", "first_name": "Alex", "last_name": "White", "phone": "234234", "address": "Safranbolu", "city": "Karabuk", "country": "", "total": 1100.0, "status": "New", "ip": "127.0.0.1", "adminnote": "", "create_at": "2020-11-26T23:07:24.742Z", "update_at": "2020-11-26T23:07:24.742Z"}}, {"model": "order.order", "pk": 12, "fields": {"user": 5, "code": "5QQSA", "first_name": "shergy", "last_name": "shergy", "phone": "", "address": "", "city": "", "country": "", "total": 500.0, "status": "New", "ip": "127.0.0.1", "adminnote": "", "create_at": "2020-11-27T03:43:45.848Z", "update_at": "2020-11-27T03:43:45.848Z"}}, {"model": "order.order", "pk": 13, "fields": {"user": 5, "code": "YC5XR", "first_name": "shergy", "last_name": "shergy", "phone": "", "address": "", "city": "", "country": "", "total": 10.0, "status": "New", "ip": "127.0.0.1", "adminnote": "", "create_at": "2020-11-27T07:54:10.279Z", "update_at": "2020-11-27T07:54:10.279Z"}}, {"model": "order.shopcart", "pk": 156, "fields": {"user": 5, "product": 15, "variant": null, "quantity": 2, "session_id": "vatpa7mvvu3jdrtsam1j5ajlw6ug47kk"}}, {"model": "order.shopcart", "pk": 157, "fields": {"user": 12, "product": 14, "variant": null, "quantity": 4, "session_id": "mgxliyp8948xnb2sf7thkfy6ze2qzs5o"}}, {"model": "user.userprofile", "pk": 1, "fields": {"user": 1, "phone": "234234", "address": "Safranbolu", "city": "Karabuk", "country": "Turkiye", "image": "images/users/vesikalik_BToOhF4.jpg", "language": 1, "currency": "USD"}}, {"model": "user.userprofile", "pk": 2, "fields": {"user": 3, "phone": "123412412", "address": "Vestern Ave 1400", "city": "Albany, New York", "country": "USA", "image": "images/users/julia_4LsA888.jpg", "language": 1, "currency": "USD"}}, {"model": "user.userprofile", "pk": 3, "fields": {"user": 2, "phone": "2342342", "address": "Karabuk University", "city": "Karabuk", "country": "Turkiye", "image": "images/users/kowboy_2_VcOzFKS.jpg", "language": 1, "currency": "USD"}}, {"model": "user.userprofile", "pk": 4, "fields": {"user": 5, "phone": "", "address": "", "city": "", "country": "", "image": "images/users/user.png", "language": 1, "currency": "SAR"}}, {"model": "user.userprofile", "pk": 5, "fields": {"user": 6, "phone": "", "address": "", "city": "Istanbul", "country": "", "image": "images/users/user.png", "language": 1, "currency": null}}, {"model": "user.userprofile", "pk": 6, "fields": {"user": 8, "phone": "", "address": "", "city": "", "country": "", "image": "images/users/user.png", "language": 7, "currency": "SAR"}}, {"model": "user.userprofile", "pk": 7, "fields": {"user": 9, "phone": "", "address": "", "city": "\u0627\u0644\u0631\u064a\u0627\u0636", "country": "", "image": "images/users/user.png", "language": 7, "currency": "SAR"}}, {"model": "user.userprofile", "pk": 8, "fields": {"user": 11, "phone": "", "address": "", "city": "", "country": "", "image": "images/users/user.png", "language": 7, "currency": "SAR"}}]